Name,PlayerId,Age,player_type,display_name,position_detail,position
A.J. Minter,18655,31,pitcher,A.J. Minter (RP),RP,RP
AJ Smith-Shawver,29960,22,pitcher,AJ Smith-Shawver (SP),SP,SP
Aaron Ashby,23550,27,pitcher,Aaron Ashby (RP),RP,RP
Aaron Bummer,16258,31,pitcher,Aaron Bummer (RP),RP,RP
Aaron Civale,19479,30,pitcher,Aaron Civale (SP),SP,SP
Aaron Judge,15640,33,hitter,Aaron Judge (Hitter),Hitter,NA
Aaron Nola,16149,32,pitcher,Aaron Nola (SP),SP,SP
Aaron Schunk,25524,27,hitter,Aaron Schunk (Hitter),Hitter,NA
Abner Uribe,25327,25,pitcher,Abner Uribe (RP),RP,RP
Abraham Toro,19844,28,hitter,Abraham Toro (Hitter),Hitter,NA
Adael Amador,27962,22,hitter,Adael Amador (Hitter),Hitter,NA
Adam Frazier,15223,33,hitter,Adam Frazier (Hitter),Hitter,NA
Addison Barger,24598,25,hitter,Addison Barger (Hitter),Hitter,NA
Adley Rutschman,26288,27,hitter,Adley Rutschman (Hitter),Hitter,NA
Adolis Garcia,19287,32,hitter,Adolis Garcia (Hitter),Hitter,NA
Adrian Del Castillo,29554,25,hitter,Adrian Del Castillo (Hitter),Hitter,NA
Adrian Houser,12718,32,pitcher,Adrian Houser (SP),SP,SP
Adrian Morejon,20039,26,pitcher,Adrian Morejon (RP),RP,RP
Agustin Ramirez,26546,23,hitter,Agustin Ramirez (Hitter),Hitter,NA
Akil Baddoo,22168,26,hitter,Akil Baddoo (Hitter),Hitter,NA
Alan Roden,31564,25,hitter,Alan Roden (Hitter),Hitter,NA
Alan Trejo,20056,29,hitter,Alan Trejo (Hitter),Hitter,NA
Alan Trejo,20056,29,pitcher,Alan Trejo (RP),RP,RP
Albert Suarez,6175,35,pitcher,Albert Suarez (RP),RP,RP
Alec Bohm,21618,28,hitter,Alec Bohm (Hitter),Hitter,NA
Alec Burleson,27615,26,hitter,Alec Burleson (Hitter),Hitter,NA
Alejandro Kirk,22581,26,hitter,Alejandro Kirk (Hitter),Hitter,NA
Alejandro Osuna,27915,22,hitter,Alejandro Osuna (Hitter),Hitter,NA
Alek Thomas,23792,25,hitter,Alek Thomas (Hitter),Hitter,NA
Alex Bregman,17678,31,hitter,Alex Bregman (Hitter),Hitter,NA
Alex Call,19296,30,hitter,Alex Call (Hitter),Hitter,NA
Alex Freeland,31665,23,hitter,Alex Freeland (Hitter),Hitter,NA
Alex Jackson,17276,29,hitter,Alex Jackson (Hitter),Hitter,NA
Alex Verdugo,17027,29,hitter,Alex Verdugo (Hitter),Hitter,NA
Alex Vesia,25007,29,pitcher,Alex Vesia (RP),RP,RP
Alexander Canario,22842,25,hitter,Alexander Canario (Hitter),Hitter,NA
Ali Sanchez,18551,28,hitter,Ali Sanchez (Hitter),Hitter,NA
Ali Sanchez,18551,28,pitcher,Ali Sanchez (RP),RP,RP
Amed Rosario,15518,29,hitter,Amed Rosario (Hitter),Hitter,NA
Andre Granillo,29542,25,pitcher,Andre Granillo (RP),RP,RP
Andre Pallante,26108,26,pitcher,Andre Pallante (SP),SP,SP
Andres Chaparro,21797,26,hitter,Andres Chaparro (Hitter),Hitter,NA
Andres Gimenez,19950,26,hitter,Andres Gimenez (Hitter),Hitter,NA
Andres Munoz,20373,26,pitcher,Andres Munoz (RP),RP,RP
Andrew Abbott,29911,26,pitcher,Andrew Abbott (SP),SP,SP
Andrew Benintendi,17901,30,hitter,Andrew Benintendi (Hitter),Hitter,NA
Andrew Chafin,12988,35,pitcher,Andrew Chafin (RP),RP,RP
Andrew Heaney,15423,34,pitcher,Andrew Heaney (SP),SP,SP
Andrew Hoffmann,29633,25,pitcher,Andrew Hoffmann (RP),RP,RP
Andrew Kittredge,12828,35,pitcher,Andrew Kittredge (RP),RP,RP
Andrew Knizner,19514,30,hitter,Andrew Knizner (Hitter),Hitter,NA
Andrew McCutchen,9847,38,hitter,Andrew McCutchen (Hitter),Hitter,NA
Andrew Saalfrank,26203,27,pitcher,Andrew Saalfrank (RP),RP,RP
Andrew Vaughn,26197,27,hitter,Andrew Vaughn (Hitter),Hitter,NA
Andruw Monasterio,19455,28,hitter,Andruw Monasterio (Hitter),Hitter,NA
Andy Ibanez,18819,32,hitter,Andy Ibanez (Hitter),Hitter,NA
Andy Pages,24816,24,hitter,Andy Pages (Hitter),Hitter,NA
Angel Martinez,26540,23,hitter,Angel Martinez (Hitter),Hitter,NA
Angel Zerpa,22717,25,pitcher,Angel Zerpa (RP),RP,RP
Anthony Bender,19742,30,pitcher,Anthony Bender (RP),RP,RP
Anthony Santander,14551,30,hitter,Anthony Santander (Hitter),Hitter,NA
Anthony Seigler,23802,26,hitter,Anthony Seigler (Hitter),Hitter,NA
Anthony Volpe,27647,24,hitter,Anthony Volpe (Hitter),Hitter,NA
Aramis Garcia,16925,32,hitter,Aramis Garcia (Hitter),Hitter,NA
Aroldis Chapman,10233,37,pitcher,Aroldis Chapman (RP),RP,RP
Austin Barnes,12158,35,hitter,Austin Barnes (Hitter),Hitter,NA
Austin Cox,24604,28,pitcher,Austin Cox (RP),RP,RP
Austin Hays,19363,29,hitter,Austin Hays (Hitter),Hitter,NA
Austin Hedges,12976,32,hitter,Austin Hedges (Hitter),Hitter,NA
Austin Hedges,12976,32,pitcher,Austin Hedges (RP),RP,RP
Austin Martin,27462,26,hitter,Austin Martin (Hitter),Hitter,NA
Austin Nola,15941,35,hitter,Austin Nola (Hitter),Hitter,NA
Austin Riley,18360,28,hitter,Austin Riley (Hitter),Hitter,NA
Austin Slater,16153,32,hitter,Austin Slater (Hitter),Hitter,NA
Austin Warren,24937,29,pitcher,Austin Warren (RP),RP,RP
Austin Wells,27562,25,hitter,Austin Wells (Hitter),Hitter,NA
Austin Wynns,15271,34,hitter,Austin Wynns (Hitter),Hitter,NA
Bailey Falter,20070,28,pitcher,Bailey Falter (SP),SP,SP
Bailey Horn,27753,27,pitcher,Bailey Horn (RP),RP,RP
Bailey Ober,21224,29,pitcher,Bailey Ober (SP),SP,SP
Ben Bowden,20198,30,pitcher,Ben Bowden (RP),RP,RP
Ben Brown,23590,25,pitcher,Ben Brown (SP),SP,SP
Ben Casparius,30085,26,pitcher,Ben Casparius (RP),RP,RP
Ben Lively,14932,33,pitcher,Ben Lively (SP),SP,SP
Ben Rice,29576,26,hitter,Ben Rice (Hitter),Hitter,NA
Ben Rortvedt,20287,27,hitter,Ben Rortvedt (Hitter),Hitter,NA
Ben Williamson,33197,24,hitter,Ben Williamson (Hitter),Hitter,NA
Bennett Sousa,21345,30,pitcher,Bennett Sousa (RP),RP,RP
Billy Cook,29573,26,hitter,Billy Cook (Hitter),Hitter,NA
Billy McKinney,15654,30,hitter,Billy McKinney (Hitter),Hitter,NA
Blaine Crim,25714,28,hitter,Blaine Crim (Hitter),Hitter,NA
Blake Dunn,29487,26,hitter,Blake Dunn (Hitter),Hitter,NA
Blake Perkins,19921,28,hitter,Blake Perkins (Hitter),Hitter,NA
Blake Sabol,25805,27,hitter,Blake Sabol (Hitter),Hitter,NA
Blake Snell,13543,32,pitcher,Blake Snell (SP),SP,SP
Blake Treinen,12572,37,pitcher,Blake Treinen (RP),RP,RP
Blaze Alexander,23789,26,hitter,Blaze Alexander (Hitter),Hitter,NA
Bo Bichette,19612,27,hitter,Bo Bichette (Hitter),Hitter,NA
Bo Naylor,21865,25,hitter,Bo Naylor (Hitter),Hitter,NA
Bobby Dalbec,19966,30,hitter,Bobby Dalbec (Hitter),Hitter,NA
Bobby Witt Jr.,25764,25,hitter,Bobby Witt Jr. (Hitter),Hitter,NA
Brad Keller,15734,29,pitcher,Brad Keller (RP),RP,RP
Bradgley Rodriguez,29107,21,pitcher,Bradgley Rodriguez (RP),RP,RP
Bradley Lord,31972,25,pitcher,Bradley Lord (RP),RP,RP
Brady House,29993,22,hitter,Brady House (Hitter),Hitter,NA
Brady Singer,25377,28,pitcher,Brady Singer (SP),SP,SP
Brandon Eisert,27668,27,pitcher,Brandon Eisert (RP),RP,RP
Brandon Lockridge,21496,28,hitter,Brandon Lockridge (Hitter),Hitter,NA
Brandon Lowe,18882,30,hitter,Brandon Lowe (Hitter),Hitter,NA
Brandon Marsh,20202,27,hitter,Brandon Marsh (Hitter),Hitter,NA
Brandon Nimmo,12927,32,hitter,Brandon Nimmo (Hitter),Hitter,NA
Brandon Pfaadt,27782,26,pitcher,Brandon Pfaadt (SP),SP,SP
Brandon Walter,26056,28,pitcher,Brandon Walter (SP),SP,SP
Brandon Woodruff,16162,32,pitcher,Brandon Woodruff (SP),SP,SP
Brant Hurter,30133,26,pitcher,Brant Hurter (RP),RP,RP
Braxton Ashcraft,23793,25,pitcher,Braxton Ashcraft (RP),RP,RP
Braxton Fulford,29704,26,hitter,Braxton Fulford (Hitter),Hitter,NA
Brayan Bello,23920,26,pitcher,Brayan Bello (SP),SP,SP
Brayan Rocchio,23690,24,hitter,Brayan Rocchio (Hitter),Hitter,NA
Braydon Fisher,24609,24,pitcher,Braydon Fisher (RP),RP,RP
Brenan Hanifee,22304,27,pitcher,Brenan Hanifee (RP),RP,RP
Brendan Donovan,24679,28,hitter,Brendan Donovan (Hitter),Hitter,NA
Brendan Rodgers,17907,28,hitter,Brendan Rodgers (Hitter),Hitter,NA
Brendon Little,21574,28,pitcher,Brendon Little (RP),RP,RP
Brennan Bernardino,16835,33,pitcher,Brennan Bernardino (RP),RP,RP
Brent Headrick,27702,27,pitcher,Brent Headrick (RP),RP,RP
Brent Rooker,19627,30,hitter,Brent Rooker (Hitter),Hitter,NA
Brent Suter,13942,35,pitcher,Brent Suter (RP),RP,RP
Brenton Doyle,25479,27,hitter,Brenton Doyle (Hitter),Hitter,NA
Brett Baty,26123,25,hitter,Brett Baty (Hitter),Hitter,NA
Brett Sullivan,18217,31,hitter,Brett Sullivan (Hitter),Hitter,NA
Brett Wisely,27735,26,hitter,Brett Wisely (Hitter),Hitter,NA
Brewer Hicklen,20450,29,hitter,Brewer Hicklen (Hitter),Hitter,NA
Brice Matthews,33280,23,hitter,Brice Matthews (Hitter),Hitter,NA
Brice Turang,22186,25,hitter,Brice Turang (Hitter),Hitter,NA
Brock Burke,17968,28,pitcher,Brock Burke (RP),RP,RP
Brock Stewart,16727,33,pitcher,Brock Stewart (RP),RP,RP
Brooks Baldwin,31394,24,hitter,Brooks Baldwin (Hitter),Hitter,NA
Brooks Kriske,21189,31,pitcher,Brooks Kriske (RP),RP,RP
Brooks Lee,31595,24,hitter,Brooks Lee (Hitter),Hitter,NA
Brooks Raley,10061,37,pitcher,Brooks Raley (RP),RP,RP
Bryan Abreu,16609,28,pitcher,Bryan Abreu (RP),RP,RP
Bryan Baker,19804,30,pitcher,Bryan Baker (RP),RP,RP
Bryan De La Cruz,19600,28,hitter,Bryan De La Cruz (Hitter),Hitter,NA
Bryan Hoeing,26304,28,pitcher,Bryan Hoeing (RP),RP,RP
Bryan King,25890,28,pitcher,Bryan King (RP),RP,RP
Bryan Reynolds,19326,30,hitter,Bryan Reynolds (Hitter),Hitter,NA
Bryan Woo,30279,25,pitcher,Bryan Woo (SP),SP,SP
Bryce Harper,11579,32,hitter,Bryce Harper (Hitter),Hitter,NA
Bryce Jarvis,27477,27,pitcher,Bryce Jarvis (RP),RP,RP
Bryce Johnson,20002,29,hitter,Bryce Johnson (Hitter),Hitter,NA
Bryce Miller,29837,26,pitcher,Bryce Miller (SP),SP,SP
Bryce Teodosio,29524,26,hitter,Bryce Teodosio (Hitter),Hitter,NA
Bryson Stott,26294,27,hitter,Bryson Stott (Hitter),Hitter,NA
Buddy Kennedy,22505,26,hitter,Buddy Kennedy (Hitter),Hitter,NA
Byron Buxton,14161,31,hitter,Byron Buxton (Hitter),Hitter,NA
C.J. Kayfus,33704,23,hitter,C.J. Kayfus (Hitter),Hitter,NA
CJ Abrams,25768,24,hitter,CJ Abrams (Hitter),Hitter,NA
CJ Alexander,20557,28,hitter,CJ Alexander (Hitter),Hitter,NA
Cade Cavalli,27473,26,pitcher,Cade Cavalli (SP),SP,SP
Cade Gibson,31815,27,pitcher,Cade Gibson (RP),RP,RP
Cade Horton,31872,23,pitcher,Cade Horton (SP),SP,SP
Cade Povich,30055,25,pitcher,Cade Povich (SP),SP,SP
Cade Smith,27867,26,pitcher,Cade Smith (RP),RP,RP
Cal Quantrill,19312,30,pitcher,Cal Quantrill (SP),SP,SP
Cal Raleigh,21534,28,hitter,Cal Raleigh (Hitter),Hitter,NA
Cal Stevenson,22411,28,hitter,Cal Stevenson (Hitter),Hitter,NA
Caleb Boushley,19736,31,pitcher,Caleb Boushley (RP),RP,RP
Caleb Durbin,29646,25,hitter,Caleb Durbin (Hitter),Hitter,NA
Caleb Ferguson,19349,28,pitcher,Caleb Ferguson (RP),RP,RP
Caleb Thielbar,10078,38,pitcher,Caleb Thielbar (RP),RP,RP
Calvin Faucher,20116,29,pitcher,Calvin Faucher (RP),RP,RP
Cam Sanders,23479,28,pitcher,Cam Sanders (RP),RP,RP
Cam Smith,35108,22,hitter,Cam Smith (Hitter),Hitter,NA
Camilo Doval,21992,27,pitcher,Camilo Doval (RP),RP,RP
Carlos Correa,14162,30,hitter,Carlos Correa (Hitter),Hitter,NA
Carlos Cortes,21842,28,hitter,Carlos Cortes (Hitter),Hitter,NA
Carlos Estevez,14542,32,pitcher,Carlos Estevez (RP),RP,RP
Carlos Hernandez,22713,28,pitcher,Carlos Hernandez (RP),RP,RP
Carlos Narvaez,19722,26,hitter,Carlos Narvaez (Hitter),Hitter,NA
Carlos Rodon,16137,32,pitcher,Carlos Rodon (SP),SP,SP
Carlos Santana,2396,39,hitter,Carlos Santana (Hitter),Hitter,NA
Carmen Mlodzinski,27572,26,pitcher,Carmen Mlodzinski (RP),RP,RP
Carson Fulmer,18311,31,pitcher,Carson Fulmer (RP),RP,RP
Carson Kelly,13620,30,hitter,Carson Kelly (Hitter),Hitter,NA
Carson McCusker,33098,27,hitter,Carson McCusker (Hitter),Hitter,NA
Casey Lawrence,11121,37,pitcher,Casey Lawrence (RP),RP,RP
Casey Legumina,25921,28,pitcher,Casey Legumina (RP),RP,RP
Casey Mize,20492,28,pitcher,Casey Mize (SP),SP,SP
Casey Schmitt,27577,26,hitter,Casey Schmitt (Hitter),Hitter,NA
Cavan Biggio,19252,30,hitter,Cavan Biggio (Hitter),Hitter,NA
Ceddanne Rafaela,24262,24,hitter,Ceddanne Rafaela (Hitter),Hitter,NA
Cedric Mullins,17929,30,hitter,Cedric Mullins (Hitter),Hitter,NA
Cesar Salazar,21587,29,hitter,Cesar Salazar (Hitter),Hitter,NA
Chad Patrick,30113,26,pitcher,Chad Patrick (SP),SP,SP
Chad Stevens,29614,26,hitter,Chad Stevens (Hitter),Hitter,NA
Chadwick Tromp,16953,30,hitter,Chadwick Tromp (Hitter),Hitter,NA
Chandler Simpson,31912,24,hitter,Chandler Simpson (Hitter),Hitter,NA
Charlie Morton,4676,41,pitcher,Charlie Morton (SP),SP,SP
Chas McCormick,19599,30,hitter,Chas McCormick (Hitter),Hitter,NA
Chase Burns,35333,22,pitcher,Chase Burns (SP),SP,SP
Chase Meidroth,31580,23,hitter,Chase Meidroth (Hitter),Hitter,NA
Chris Bassitt,12304,36,pitcher,Chris Bassitt (SP),SP,SP
Chris Devenski,12763,34,pitcher,Chris Devenski (RP),RP,RP
Chris Martin,11847,39,pitcher,Chris Martin (RP),RP,RP
Chris Paddack,20099,29,pitcher,Chris Paddack (SP),SP,SP
Chris Roycroft,31261,28,pitcher,Chris Roycroft (RP),RP,RP
Chris Sale,10603,36,pitcher,Chris Sale (SP),SP,SP
Chris Taylor,13757,34,hitter,Chris Taylor (Hitter),Hitter,NA
Christian Encarnacion-Strand,30011,25,hitter,Christian Encarnacion-Strand (Hitter),Hitter,NA
Christian Koss,27653,27,hitter,Christian Koss (Hitter),Hitter,NA
Christian Koss,27653,27,pitcher,Christian Koss (RP),RP,RP
Christian Montes De Oca,30206,25,pitcher,Christian Montes De Oca (RP),RP,RP
Christian Moore,34979,22,hitter,Christian Moore (Hitter),Hitter,NA
Christian Vazquez,9774,34,hitter,Christian Vazquez (Hitter),Hitter,NA
Christian Walker,13419,34,hitter,Christian Walker (Hitter),Hitter,NA
Christian Yelich,11477,33,hitter,Christian Yelich (Hitter),Hitter,NA
Christopher Morel,21897,26,hitter,Christopher Morel (Hitter),Hitter,NA
Clarke Schmidt,19899,29,pitcher,Clarke Schmidt (SP),SP,SP
Clay Holmes,13649,32,pitcher,Clay Holmes (SP),SP,SP
Clayton Kershaw,2036,37,pitcher,Clayton Kershaw (SP),SP,SP
Coby Mayo,28312,23,hitter,Coby Mayo (Hitter),Hitter,NA
Coco Montes,21547,28,hitter,Coco Montes (Hitter),Hitter,NA
Cody Bellinger,15998,29,hitter,Cody Bellinger (Hitter),Hitter,NA
Cody Bolton,23265,27,pitcher,Cody Bolton (RP),RP,RP
Cody Freeman,25629,24,hitter,Cody Freeman (Hitter),Hitter,NA
Colby Thomas,31855,24,hitter,Colby Thomas (Hitter),Hitter,NA
Cole Ragans,21846,27,pitcher,Cole Ragans (SP),SP,SP
Cole Sands,21461,27,pitcher,Cole Sands (RP),RP,RP
Cole Sulser,15256,35,pitcher,Cole Sulser (RP),RP,RP
Cole Winn,22113,25,pitcher,Cole Winn (RP),RP,RP
Cole Young,31680,21,hitter,Cole Young (Hitter),Hitter,NA
Colin Rea,12317,34,pitcher,Colin Rea (SP),SP,SP
Colin Selby,24986,27,pitcher,Colin Selby (RP),RP,RP
Collin Snider,23307,29,pitcher,Collin Snider (RP),RP,RP
Colson Montgomery,29712,23,hitter,Colson Montgomery (Hitter),Hitter,NA
Colt Keith,27899,23,hitter,Colt Keith (Hitter),Hitter,NA
Colton Cowser,29591,25,hitter,Colton Cowser (Hitter),Hitter,NA
Colton Gordon,31312,26,pitcher,Colton Gordon (SP),SP,SP
Connor Joe,16572,32,hitter,Connor Joe (Hitter),Hitter,NA
Connor Kaiser,21535,28,hitter,Connor Kaiser (Hitter),Hitter,NA
Connor Norby,29592,25,hitter,Connor Norby (Hitter),Hitter,NA
Connor Seabold,19695,29,pitcher,Connor Seabold (RP),RP,RP
Connor Wong,19896,29,hitter,Connor Wong (Hitter),Hitter,NA
Cooper Hummel,19458,30,hitter,Cooper Hummel (Hitter),Hitter,NA
Corbin Burnes,19361,30,pitcher,Corbin Burnes (SP),SP,SP
Corbin Carroll,25878,24,hitter,Corbin Carroll (Hitter),Hitter,NA
Corey Julks,20311,29,hitter,Corey Julks (Hitter),Hitter,NA
Corey Seager,13624,31,hitter,Corey Seager (Hitter),Hitter,NA
Cristian Mena,27974,22,pitcher,Cristian Mena (RP),RP,RP
Cristopher Sanchez,20778,28,pitcher,Cristopher Sanchez (SP),SP,SP
Curtis Mead,23986,24,hitter,Curtis Mead (Hitter),Hitter,NA
DJ LeMahieu,9874,36,hitter,DJ LeMahieu (Hitter),Hitter,NA
DL Hall,22207,26,pitcher,DL Hall (RP),RP,RP
DaShawn Keirsey Jr.,24496,28,hitter,DaShawn Keirsey Jr. (Hitter),Hitter,NA
Dairon Blanco,19779,32,hitter,Dairon Blanco (Hitter),Hitter,NA
Dalton Rushing,31382,24,hitter,Dalton Rushing (Hitter),Hitter,NA
Dane Myers,22054,29,hitter,Dane Myers (Hitter),Hitter,NA
Daniel Johnson,19643,29,hitter,Daniel Johnson (Hitter),Hitter,NA
Daniel Palencia,27914,25,pitcher,Daniel Palencia (RP),RP,RP
Daniel Schneemann,25180,28,hitter,Daniel Schneemann (Hitter),Hitter,NA
Danny Coulombe,13293,35,pitcher,Danny Coulombe (RP),RP,RP
Danny Jansen,16535,30,hitter,Danny Jansen (Hitter),Hitter,NA
Danny Young,18439,31,pitcher,Danny Young (RP),RP,RP
Dansby Swanson,18314,31,hitter,Dansby Swanson (Hitter),Hitter,NA
Darell Hernaiz,26224,23,hitter,Darell Hernaiz (Hitter),Hitter,NA
Darren McCaughan,20038,29,pitcher,Darren McCaughan (RP),RP,RP
Daulton Varsho,19918,28,hitter,Daulton Varsho (Hitter),Hitter,NA
Dauri Moreta,21101,29,pitcher,Dauri Moreta (RP),RP,RP
David Banuelos,23250,28,hitter,David Banuelos (Hitter),Hitter,NA
David Bednar,19569,30,pitcher,David Bednar (RP),RP,RP
David Festa,30056,25,pitcher,David Festa (SP),SP,SP
David Fry,24934,29,hitter,David Fry (Hitter),Hitter,NA
David Hamilton,27531,27,hitter,David Hamilton (Hitter),Hitter,NA
David Morgan,31616,25,pitcher,David Morgan (RP),RP,RP
David Peterson,20302,29,pitcher,David Peterson (SP),SP,SP
David Villar,24782,28,hitter,David Villar (Hitter),Hitter,NA
Davis Daniel,27582,28,pitcher,Davis Daniel (SP),SP,SP
Davis Martin,21448,28,pitcher,Davis Martin (SP),SP,SP
Davis Schneider,23565,26,hitter,Davis Schneider (Hitter),Hitter,NA
Daylen Lile,29995,22,hitter,Daylen Lile (Hitter),Hitter,NA
Daysbel Hernandez,20271,28,pitcher,Daysbel Hernandez (RP),RP,RP
Daz Cameron,18353,28,hitter,Daz Cameron (Hitter),Hitter,NA
Dean Kremer,19350,29,pitcher,Dean Kremer (SP),SP,SP
Dedniel Nunez,23055,29,pitcher,Dedniel Nunez (RP),RP,RP
Dennis Santana,17878,29,pitcher,Dennis Santana (RP),RP,RP
Denzel Clarke,29858,25,hitter,Denzel Clarke (Hitter),Hitter,NA
Derek Hill,16947,29,hitter,Derek Hill (Hitter),Hitter,NA
Devin Williams,15816,30,pitcher,Devin Williams (RP),RP,RP
Dietrich Enns,13932,34,pitcher,Dietrich Enns (RP),RP,RP
Dillon Dingler,27464,26,hitter,Dillon Dingler (Hitter),Hitter,NA
Dom Nunez,15055,30,hitter,Dom Nunez (Hitter),Hitter,NA
Dominic Canzone,26438,27,hitter,Dominic Canzone (Hitter),Hitter,NA
Dominic Smith,15653,30,hitter,Dominic Smith (Hitter),Hitter,NA
Donovan Solano,8623,37,hitter,Donovan Solano (Hitter),Hitter,NA
Doug Nikhazy,30142,25,pitcher,Doug Nikhazy (SP),SP,SP
Drake Baldwin,31539,24,hitter,Drake Baldwin (Hitter),Hitter,NA
Drew Avans,25183,29,hitter,Drew Avans (Hitter),Hitter,NA
Drew Gilbert,31545,24,hitter,Drew Gilbert (Hitter),Hitter,NA
Drew Millas,25643,27,hitter,Drew Millas (Hitter),Hitter,NA
Drew Pomeranz,11426,36,pitcher,Drew Pomeranz (RP),RP,RP
Drew Rasmussen,25385,29,pitcher,Drew Rasmussen (SP),SP,SP
Drew Waters,20505,26,hitter,Drew Waters (Hitter),Hitter,NA
Dustin Harris,25705,25,hitter,Dustin Harris (Hitter),Hitter,NA
Dustin May,19716,27,pitcher,Dustin May (SP),SP,SP
Dylan Carlson,20126,26,hitter,Dylan Carlson (Hitter),Hitter,NA
Dylan Cease,18525,29,pitcher,Dylan Cease (SP),SP,SP
Dylan Crews,33541,23,hitter,Dylan Crews (Hitter),Hitter,NA
Dylan Dodd,29928,27,pitcher,Dylan Dodd (RP),RP,RP
Dylan Lee,19996,30,pitcher,Dylan Lee (RP),RP,RP
Dylan Moore,18042,32,hitter,Dylan Moore (Hitter),Hitter,NA
Easton McGee,22176,27,pitcher,Easton McGee (RP),RP,RP
Eddie Rosario,12155,33,hitter,Eddie Rosario (Hitter),Hitter,NA
Edgar Quero,28022,22,hitter,Edgar Quero (Hitter),Hitter,NA
Edgardo Henriquez,26944,23,pitcher,Edgardo Henriquez (RP),RP,RP
Edmundo Sosa,17022,29,hitter,Edmundo Sosa (Hitter),Hitter,NA
Edouard Julien,27534,26,hitter,Edouard Julien (Hitter),Hitter,NA
Eduardo Rodriguez,13164,32,pitcher,Eduardo Rodriguez (SP),SP,SP
Edward Cabrera,21690,27,pitcher,Edward Cabrera (SP),SP,SP
Edwin Diaz,14710,31,pitcher,Edwin Diaz (RP),RP,RP
Edwin Uceta,20539,27,pitcher,Edwin Uceta (RP),RP,RP
Eli White,19346,31,hitter,Eli White (Hitter),Hitter,NA
Elias Diaz,11680,34,hitter,Elias Diaz (Hitter),Hitter,NA
Elly De La Cruz,26668,23,hitter,Elly De La Cruz (Hitter),Hitter,NA
Elvis Alvarado,21662,26,pitcher,Elvis Alvarado (RP),RP,RP
Emilio Pagan,14771,34,pitcher,Emilio Pagan (RP),RP,RP
Emmanuel Clase,21032,27,pitcher,Emmanuel Clase (RP),RP,RP
Emmanuel Rivera,19890,29,hitter,Emmanuel Rivera (Hitter),Hitter,NA
Emmet Sheehan,29839,25,pitcher,Emmet Sheehan (SP),SP,SP
Endy Rodriguez,25332,25,hitter,Endy Rodriguez (Hitter),Hitter,NA
Enmanuel Valdez,21716,26,hitter,Enmanuel Valdez (Hitter),Hitter,NA
Enrique Hernandez,10472,33,hitter,Enrique Hernandez (Hitter),Hitter,NA
Enyel De Los Santos,18403,29,pitcher,Enyel De Los Santos (RP),RP,RP
Eric Haase,14111,32,hitter,Eric Haase (Hitter),Hitter,NA
Eric Lauer,19316,30,pitcher,Eric Lauer (SP),SP,SP
Eric Orze,27626,27,pitcher,Eric Orze (RP),RP,RP
Eric Wagaman,23395,27,hitter,Eric Wagaman (Hitter),Hitter,NA
Erik Miller,26252,27,pitcher,Erik Miller (RP),RP,RP
Erik Sabrowski,24978,27,pitcher,Erik Sabrowski (RP),RP,RP
Ernie Clement,20352,29,hitter,Ernie Clement (Hitter),Hitter,NA
Esteury Ruiz,21780,26,hitter,Esteury Ruiz (Hitter),Hitter,NA
Eugenio Suarez,12552,33,hitter,Eugenio Suarez (Hitter),Hitter,NA
Eury Perez,27768,22,pitcher,Eury Perez (SP),SP,SP
Evan Carter,27790,22,hitter,Evan Carter (Hitter),Hitter,NA
Evan Phillips,17734,30,pitcher,Evan Phillips (RP),RP,RP
Evan Sisk,24995,28,pitcher,Evan Sisk (RP),RP,RP
Ezequiel Duran,23733,26,hitter,Ezequiel Duran (Hitter),Hitter,NA
Ezequiel Duran,23733,26,pitcher,Ezequiel Duran (RP),RP,RP
Ezequiel Tovar,24064,23,hitter,Ezequiel Tovar (Hitter),Hitter,NA
Felix Bautista,20666,30,pitcher,Felix Bautista (RP),RP,RP
Fernando Cruz,7048,35,pitcher,Fernando Cruz (RP),RP,RP
Fernando Tatis Jr.,19709,26,hitter,Fernando Tatis Jr. (Hitter),Hitter,NA
Framber Valdez,17295,31,pitcher,Framber Valdez (SP),SP,SP
Francisco Alvarez,26121,23,hitter,Francisco Alvarez (Hitter),Hitter,NA
Francisco Lindor,12916,31,hitter,Francisco Lindor (Hitter),Hitter,NA
Fraser Ellard,29530,27,pitcher,Fraser Ellard (RP),RP,RP
Freddie Freeman,5361,35,hitter,Freddie Freeman (Hitter),Hitter,NA
Freddy Fermin,21840,30,hitter,Freddy Fermin (Hitter),Hitter,NA
Freddy Peralta,18679,29,pitcher,Freddy Peralta (SP),SP,SP
Freddy Tarnok,23324,26,pitcher,Freddy Tarnok (RP),RP,RP
Gabe Speier,17170,30,pitcher,Gabe Speier (RP),RP,RP
Gabriel Arias,22563,25,hitter,Gabriel Arias (Hitter),Hitter,NA
Gabriel Moreno,22664,25,hitter,Gabriel Moreno (Hitter),Hitter,NA
Gage Workman,27573,25,hitter,Gage Workman (Hitter),Hitter,NA
Garrett Cleavinger,17897,31,pitcher,Garrett Cleavinger (RP),RP,RP
Garrett Crochet,27463,26,pitcher,Garrett Crochet (SP),SP,SP
Garrett Hampson,19262,30,hitter,Garrett Hampson (Hitter),Hitter,NA
Garrett Hampson,19262,30,pitcher,Garrett Hampson (RP),RP,RP
Garrett Mitchell,27555,26,hitter,Garrett Mitchell (Hitter),Hitter,NA
Garrett Whitlock,20191,29,pitcher,Garrett Whitlock (RP),RP,RP
Gary Sanchez,11442,32,hitter,Gary Sanchez (Hitter),Hitter,NA
Gavin Hollowell,25427,27,pitcher,Gavin Hollowell (RP),RP,RP
Gavin Lux,19955,27,hitter,Gavin Lux (Hitter),Hitter,NA
Gavin Sheets,19901,29,hitter,Gavin Sheets (Hitter),Hitter,NA
Gavin Williams,30122,25,pitcher,Gavin Williams (SP),SP,SP
George Kirby,25436,27,pitcher,George Kirby (SP),SP,SP
George Springer,12856,35,hitter,George Springer (Hitter),Hitter,NA
Geraldo Perdomo,22799,25,hitter,Geraldo Perdomo (Hitter),Hitter,NA
German Marquez,15038,30,pitcher,German Marquez (SP),SP,SP
Gerson Garabito,19835,29,pitcher,Gerson Garabito (RP),RP,RP
Giancarlo Stanton,4949,35,hitter,Giancarlo Stanton (Hitter),Hitter,NA
Gio Urshela,10681,33,hitter,Gio Urshela (Hitter),Hitter,NA
Gleyber Torres,16997,28,hitter,Gleyber Torres (Hitter),Hitter,NA
Gordon Graceffo,29519,25,pitcher,Gordon Graceffo (RP),RP,RP
Graham Ashcraft,27552,27,pitcher,Graham Ashcraft (RP),RP,RP
Graham Pauley,31363,24,hitter,Graham Pauley (Hitter),Hitter,NA
Grant Anderson,20546,28,pitcher,Grant Anderson (RP),RP,RP
Grant Holman,30002,25,pitcher,Grant Holman (RP),RP,RP
Grant Holmes,16944,29,pitcher,Grant Holmes (SP),SP,SP
Grant McCray,25690,24,hitter,Grant McCray (Hitter),Hitter,NA
Grant Taylor,33927,23,pitcher,Grant Taylor (RP),RP,RP
Grant Wolfram,21623,28,pitcher,Grant Wolfram (RP),RP,RP
Greg Allen,16623,32,hitter,Greg Allen (Hitter),Hitter,NA
Greg Jones,25448,27,hitter,Greg Jones (Hitter),Hitter,NA
Greg Weissert,20375,30,pitcher,Greg Weissert (RP),RP,RP
Gregory Soto,19677,30,pitcher,Gregory Soto (RP),RP,RP
Griffin Canning,19867,29,pitcher,Griffin Canning (SP),SP,SP
Griffin Conine,21626,27,hitter,Griffin Conine (Hitter),Hitter,NA
Griffin Jax,20253,30,pitcher,Griffin Jax (RP),RP,RP
Gunnar Henderson,26289,24,hitter,Gunnar Henderson (Hitter),Hitter,NA
Gustavo Campero,22707,27,hitter,Gustavo Campero (Hitter),Hitter,NA
Ha-Seong Kim,27506,29,hitter,Ha-Seong Kim (Hitter),Hitter,NA
Harrison Bader,18030,31,hitter,Harrison Bader (Hitter),Hitter,NA
Hayden Senger,21489,28,hitter,Hayden Senger (Hitter),Hitter,NA
Hayden Wesneski,27581,27,pitcher,Hayden Wesneski (SP),SP,SP
Heliot Ramos,22515,25,hitter,Heliot Ramos (Hitter),Hitter,NA
Henry Davis,29617,25,hitter,Henry Davis (Hitter),Hitter,NA
Heriberto Hernandez,24878,25,hitter,Heriberto Hernandez (Hitter),Hitter,NA
Heston Kjerstad,31166,26,hitter,Heston Kjerstad (Hitter),Hitter,NA
Hoby Milner,13346,34,pitcher,Hoby Milner (RP),RP,RP
Hogan Harris,21520,28,pitcher,Hogan Harris (RP),RP,RP
Huascar Brazoban,6107,35,pitcher,Huascar Brazoban (RP),RP,RP
Hunter Brown,25880,26,pitcher,Hunter Brown (SP),SP,SP
Hunter Dobbins,30240,25,pitcher,Hunter Dobbins (SP),SP,SP
Hunter Feduccia,23372,28,hitter,Hunter Feduccia (Hitter),Hitter,NA
Hunter Gaddis,25636,27,pitcher,Hunter Gaddis (RP),RP,RP
Hunter Goodman,29715,25,hitter,Hunter Goodman (Hitter),Hitter,NA
Hunter Greene,22182,25,pitcher,Hunter Greene (SP),SP,SP
Hunter Harvey,15507,30,pitcher,Hunter Harvey (RP),RP,RP
Hunter Renfroe,15464,33,hitter,Hunter Renfroe (Hitter),Hitter,NA
Hunter Strickland,7836,36,pitcher,Hunter Strickland (RP),RP,RP
Hurston Waldrep,33527,23,pitcher,Hurston Waldrep (SP),SP,SP
Hyeseong Kim,35322,26,hitter,Hyeseong Kim (Hitter),Hitter,NA
Ian Gibaut,17871,31,pitcher,Ian Gibaut (RP),RP,RP
Ian Hamilton,19261,30,pitcher,Ian Hamilton (RP),RP,RP
Ian Happ,17919,30,hitter,Ian Happ (Hitter),Hitter,NA
Ian Seymour,27932,26,pitcher,Ian Seymour (RP),RP,RP
Ildemaro Vargas,13324,33,hitter,Ildemaro Vargas (Hitter),Hitter,NA
Isaac Collins,25477,27,hitter,Isaac Collins (Hitter),Hitter,NA
Isaac Mattson,20385,29,pitcher,Isaac Mattson (RP),RP,RP
Isaac Paredes,20036,26,hitter,Isaac Paredes (Hitter),Hitter,NA
Isiah Kiner-Falefa,16512,30,hitter,Isiah Kiner-Falefa (Hitter),Hitter,NA
Ivan Herrera,20599,25,hitter,Ivan Herrera (Hitter),Hitter,NA
J.C. Escarra,20084,30,hitter,J.C. Escarra (Hitter),Hitter,NA
J.D. Davis,16219,32,hitter,J.D. Davis (Hitter),Hitter,NA
J.P. Crawford,15491,30,hitter,J.P. Crawford (Hitter),Hitter,NA
J.T. Ginn,27889,26,pitcher,J.T. Ginn (SP),SP,SP
J.T. Realmuto,11739,34,hitter,J.T. Realmuto (Hitter),Hitter,NA
JJ Bleday,26368,27,hitter,JJ Bleday (Hitter),Hitter,NA
JP Sears,23429,29,pitcher,JP Sears (SP),SP,SP
JT Brubaker,17578,31,pitcher,JT Brubaker (RP),RP,RP
Jac Caglianone,35041,22,hitter,Jac Caglianone (Hitter),Hitter,NA
Jace Jung,31437,24,hitter,Jace Jung (Hitter),Hitter,NA
Jack Flaherty,17479,29,pitcher,Jack Flaherty (SP),SP,SP
Jack Leiter,30146,25,pitcher,Jack Leiter (SP),SP,SP
Jack Little,26152,27,pitcher,Jack Little (RP),RP,RP
Jack Suwinski,22244,26,hitter,Jack Suwinski (Hitter),Hitter,NA
Jack Winkler,29830,26,hitter,Jack Winkler (Hitter),Hitter,NA
Jackson Chourio,28806,21,hitter,Jackson Chourio (Hitter),Hitter,NA
Jackson Holliday,31781,21,hitter,Jackson Holliday (Hitter),Hitter,NA
Jackson Jobe,30203,22,pitcher,Jackson Jobe (SP),SP,SP
Jackson Merrill,29490,22,hitter,Jackson Merrill (Hitter),Hitter,NA
Jackson Perkins,31468,25,pitcher,Jackson Perkins (RP),RP,RP
Jacob Amaya,23296,26,hitter,Jacob Amaya (Hitter),Hitter,NA
Jacob Amaya,23296,26,pitcher,Jacob Amaya (RP),RP,RP
Jacob Barnes,12323,35,pitcher,Jacob Barnes (RP),RP,RP
Jacob Dreyer,30249,26,pitcher,Jacob Dreyer (RP),RP,RP
Jacob Hurtubise,27599,27,hitter,Jacob Hurtubise (Hitter),Hitter,NA
Jacob Lopez,25098,27,pitcher,Jacob Lopez (SP),SP,SP
Jacob Melton,31661,24,hitter,Jacob Melton (Hitter),Hitter,NA
Jacob Misiorowski,31623,23,pitcher,Jacob Misiorowski (SP),SP,SP
Jacob Palisch,31598,26,pitcher,Jacob Palisch (RP),RP,RP
Jacob Stallings,13723,35,hitter,Jacob Stallings (Hitter),Hitter,NA
Jacob Stallings,13723,35,pitcher,Jacob Stallings (RP),RP,RP
Jacob Webb,19274,31,pitcher,Jacob Webb (RP),RP,RP
Jacob Wilson,33266,23,hitter,Jacob Wilson (Hitter),Hitter,NA
Jacob Young,29931,25,hitter,Jacob Young (Hitter),Hitter,NA
Jacob deGrom,10954,37,pitcher,Jacob deGrom (SP),SP,SP
Jaden Hill,30250,25,pitcher,Jaden Hill (RP),RP,RP
Jahmai Jones,18872,27,hitter,Jahmai Jones (Hitter),Hitter,NA
Jake Bauers,15194,29,hitter,Jake Bauers (Hitter),Hitter,NA
Jake Bird,21267,29,pitcher,Jake Bird (RP),RP,RP
Jake Burger,22275,29,hitter,Jake Burger (Hitter),Hitter,NA
Jake Cronenworth,18036,31,hitter,Jake Cronenworth (Hitter),Hitter,NA
Jake Fraley,19260,30,hitter,Jake Fraley (Hitter),Hitter,NA
Jake Irvin,21504,28,pitcher,Jake Irvin (SP),SP,SP
Jake Latz,21306,29,pitcher,Jake Latz (RP),RP,RP
Jake Mangum,26202,29,hitter,Jake Mangum (Hitter),Hitter,NA
Jake McCarthy,21622,27,hitter,Jake McCarthy (Hitter),Hitter,NA
Jake Meyers,20308,29,hitter,Jake Meyers (Hitter),Hitter,NA
Jake Rogers,19452,30,hitter,Jake Rogers (Hitter),Hitter,NA
Jake Woodford,18674,28,pitcher,Jake Woodford (RP),RP,RP
Jakob Junis,13619,32,pitcher,Jakob Junis (RP),RP,RP
Jakob Marsee,31370,24,hitter,Jakob Marsee (Hitter),Hitter,NA
Jalen Beeks,17192,31,pitcher,Jalen Beeks (RP),RP,RP
James McCann,12859,35,hitter,James McCann (Hitter),Hitter,NA
James Outman,24770,28,hitter,James Outman (Hitter),Hitter,NA
James Wood,29518,22,hitter,James Wood (Hitter),Hitter,NA
Jameson Taillon,11674,33,pitcher,Jameson Taillon (SP),SP,SP
Janson Junk,23301,29,pitcher,Janson Junk (SP),SP,SP
Jared Koenig,27517,31,pitcher,Jared Koenig (RP),RP,RP
Jared Shuster,27472,26,pitcher,Jared Shuster (RP),RP,RP
Jared Triolo,25807,27,hitter,Jared Triolo (Hitter),Hitter,NA
Jared Young,20404,29,hitter,Jared Young (Hitter),Hitter,NA
Jarred Kelenic,22558,25,hitter,Jarred Kelenic (Hitter),Hitter,NA
Jarren Duran,24617,28,hitter,Jarren Duran (Hitter),Hitter,NA
Jason Adam,11861,33,pitcher,Jason Adam (RP),RP,RP
Jason Alexander,19666,32,pitcher,Jason Alexander (RP),RP,RP
Jason Heyward,4940,35,hitter,Jason Heyward (Hitter),Hitter,NA
Jasson Dominguez,28080,22,hitter,Jasson Dominguez (Hitter),Hitter,NA
Javier Baez,12979,32,hitter,Javier Baez (Hitter),Hitter,NA
Javier Sanoja,28253,22,hitter,Javier Sanoja (Hitter),Hitter,NA
Jazz Chisholm Jr.,20454,27,hitter,Jazz Chisholm Jr. (Hitter),Hitter,NA
Jeff Hoffman,17432,32,pitcher,Jeff Hoffman (RP),RP,RP
Jeff McNeil,15362,33,hitter,Jeff McNeil (Hitter),Hitter,NA
Jeffrey Springs,17677,32,pitcher,Jeffrey Springs (SP),SP,SP
Jeimer Candelario,13621,31,hitter,Jeimer Candelario (Hitter),Hitter,NA
Jerar Encarnacion,21871,27,hitter,Jerar Encarnacion (Hitter),Hitter,NA
Jeremiah Estrada,22210,26,pitcher,Jeremiah Estrada (RP),RP,RP
Jeremiah Jackson,22239,25,hitter,Jeremiah Jackson (Hitter),Hitter,NA
Jeremy Pena,21636,27,hitter,Jeremy Pena (Hitter),Hitter,NA
Jesse Winker,13590,31,hitter,Jesse Winker (Hitter),Hitter,NA
Jesus Luzardo,19959,27,pitcher,Jesus Luzardo (SP),SP,SP
Jesus Sanchez,19913,27,hitter,Jesus Sanchez (Hitter),Hitter,NA
Jesus Tinoco,16300,30,pitcher,Jesus Tinoco (RP),RP,RP
Jhoan Duran,21029,27,pitcher,Jhoan Duran (RP),RP,RP
Jhonathan Diaz,20298,28,pitcher,Jhonathan Diaz (RP),RP,RP
Jhonkensy Noel,24257,23,hitter,Jhonkensy Noel (Hitter),Hitter,NA
Jhonny Pereda,19802,29,hitter,Jhonny Pereda (Hitter),Hitter,NA
Ji Hwan Bae,23818,25,hitter,Ji Hwan Bae (Hitter),Hitter,NA
Jimmy Herget,17556,31,pitcher,Jimmy Herget (RP),RP,RP
Jo Adell,20220,26,hitter,Jo Adell (Hitter),Hitter,NA
JoJo Romero,19574,28,pitcher,JoJo Romero (RP),RP,RP
Joc Pederson,11899,33,hitter,Joc Pederson (Hitter),Hitter,NA
Joe Rock,30016,24,pitcher,Joe Rock (RP),RP,RP
Joe Ryan,21390,29,pitcher,Joe Ryan (SP),SP,SP
Joey Bart,21524,28,hitter,Joey Bart (Hitter),Hitter,NA
Joey Cantillo,23335,25,pitcher,Joey Cantillo (RP),RP,RP
Joey Loperfido,29630,26,hitter,Joey Loperfido (Hitter),Hitter,NA
Joey Lucchesi,19320,32,pitcher,Joey Lucchesi (RP),RP,RP
Joey Ortiz,25493,26,hitter,Joey Ortiz (Hitter),Hitter,NA
Joey Wentz,19962,27,pitcher,Joey Wentz (RP),RP,RP
Johan Rojas,24336,24,hitter,Johan Rojas (Hitter),Hitter,NA
John Rave,26284,27,hitter,John Rave (Hitter),Hitter,NA
John Schreiber,20020,31,pitcher,John Schreiber (RP),RP,RP
Johnathan Rodriguez,22530,25,hitter,Johnathan Rodriguez (Hitter),Hitter,NA
Jon Berti,12037,35,hitter,Jon Berti (Hitter),Hitter,NA
Jon Singleton,10441,33,hitter,Jon Singleton (Hitter),Hitter,NA
Jonah Bride,24703,29,hitter,Jonah Bride (Hitter),Hitter,NA
Jonah Heim,16930,30,hitter,Jonah Heim (Hitter),Hitter,NA
Jonatan Clase,26599,23,hitter,Jonatan Clase (Hitter),Hitter,NA
Jonathan Aranda,21837,27,hitter,Jonathan Aranda (Hitter),Hitter,NA
Jonathan Cannon,31730,24,pitcher,Jonathan Cannon (SP),SP,SP
Jonathan India,21523,28,hitter,Jonathan India (Hitter),Hitter,NA
Jonathan Ornelas,24597,25,hitter,Jonathan Ornelas (Hitter),Hitter,NA
Jonny DeLuca,26365,26,hitter,Jonny DeLuca (Hitter),Hitter,NA
Jorbit Vivas,23917,24,hitter,Jorbit Vivas (Hitter),Hitter,NA
Jordan Beck,31431,24,hitter,Jordan Beck (Hitter),Hitter,NA
Jordan Hicks,19618,28,pitcher,Jordan Hicks (RP),RP,RP
Jordan Lawlar,29976,22,hitter,Jordan Lawlar (Hitter),Hitter,NA
Jordan Leasure,29950,26,pitcher,Jordan Leasure (RP),RP,RP
Jordan Walker,27475,23,hitter,Jordan Walker (Hitter),Hitter,NA
Jordan Weems,13190,32,pitcher,Jordan Weems (RP),RP,RP
Jordan Westburg,27815,26,hitter,Jordan Westburg (Hitter),Hitter,NA
Jordan Wicks,30094,25,pitcher,Jordan Wicks (RP),RP,RP
Jordyn Adams,23788,25,hitter,Jordyn Adams (Hitter),Hitter,NA
Jorge Barrosa,23968,24,hitter,Jorge Barrosa (Hitter),Hitter,NA
Jorge Lopez,14527,32,pitcher,Jorge Lopez (RP),RP,RP
Jorge Mateo,17273,30,hitter,Jorge Mateo (Hitter),Hitter,NA
Jorge Polanco,13152,31,hitter,Jorge Polanco (Hitter),Hitter,NA
Jorge Soler,14221,33,hitter,Jorge Soler (Hitter),Hitter,NA
Jose A. Ferrer,24017,25,pitcher,Jose A. Ferrer (RP),RP,RP
Jose Altuve,5417,35,hitter,Jose Altuve (Hitter),Hitter,NA
Jose Alvarado,17780,30,pitcher,Jose Alvarado (RP),RP,RP
Jose Azocar,18821,29,hitter,Jose Azocar (Hitter),Hitter,NA
Jose Barrero,23378,27,hitter,Jose Barrero (Hitter),Hitter,NA
Jose Berrios,14168,31,pitcher,Jose Berrios (SP),SP,SP
Jose Butto,23313,27,pitcher,Jose Butto (RP),RP,RP
Jose Caballero,23401,28,hitter,Jose Caballero (Hitter),Hitter,NA
Jose Fermin,21746,26,hitter,Jose Fermin (Hitter),Hitter,NA
Jose Herrera,17040,28,hitter,Jose Herrera (Hitter),Hitter,NA
Jose Herrera,17040,28,pitcher,Jose Herrera (RP),RP,RP
Jose Iglesias,10231,35,hitter,Jose Iglesias (Hitter),Hitter,NA
Jose Miranda,20538,27,hitter,Jose Miranda (Hitter),Hitter,NA
Jose Quijada,19200,29,pitcher,Jose Quijada (RP),RP,RP
Jose Quintana,11423,36,pitcher,Jose Quintana (SP),SP,SP
Jose Ramirez,13510,32,hitter,Jose Ramirez (Hitter),Hitter,NA
Jose Siri,17452,29,hitter,Jose Siri (Hitter),Hitter,NA
Jose Soriano,22100,26,pitcher,Jose Soriano (SP),SP,SP
Jose Tena,23691,24,hitter,Jose Tena (Hitter),Hitter,NA
Jose Trevino,16725,32,hitter,Jose Trevino (Hitter),Hitter,NA
Jose Trevino,16725,32,pitcher,Jose Trevino (RP),RP,RP
Josh Bell,13145,32,hitter,Josh Bell (Hitter),Hitter,NA
Josh Hader,14212,31,pitcher,Josh Hader (RP),RP,RP
Josh Jung,26299,27,hitter,Josh Jung (Hitter),Hitter,NA
Josh Lowe,19953,27,hitter,Josh Lowe (Hitter),Hitter,NA
Josh Naylor,18839,28,hitter,Josh Naylor (Hitter),Hitter,NA
Josh Rojas,19734,31,hitter,Josh Rojas (Hitter),Hitter,NA
Josh Smith,26396,27,hitter,Josh Smith (Hitter),Hitter,NA
Josh Walker,23617,30,pitcher,Josh Walker (RP),RP,RP
Josh Winckowski,22387,27,pitcher,Josh Winckowski (RP),RP,RP
Joshua Palacios,19818,29,hitter,Joshua Palacios (Hitter),Hitter,NA
Juan Burgos,27271,25,pitcher,Juan Burgos (RP),RP,RP
Juan Mejia,23237,24,pitcher,Juan Mejia (RP),RP,RP
Juan Morillo,21924,26,pitcher,Juan Morillo (RP),RP,RP
Juan Soto,20123,26,hitter,Juan Soto (Hitter),Hitter,NA
Julio Rodriguez,23697,24,hitter,Julio Rodriguez (Hitter),Hitter,NA
Jung Hoo Lee,33824,26,hitter,Jung Hoo Lee (Hitter),Hitter,NA
Junior Caminero,28163,21,hitter,Junior Caminero (Hitter),Hitter,NA
Jurickson Profar,10815,32,hitter,Jurickson Profar (Hitter),Hitter,NA
Justin Dean,25005,28,hitter,Justin Dean (Hitter),Hitter,NA
Justin Foscue,27501,26,hitter,Justin Foscue (Hitter),Hitter,NA
Justin Garza,19784,31,pitcher,Justin Garza (RP),RP,RP
Justin Hagenman,21546,28,pitcher,Justin Hagenman (RP),RP,RP
Justin Lawrence,17639,30,pitcher,Justin Lawrence (RP),RP,RP
Justin Martinez,24453,23,pitcher,Justin Martinez (RP),RP,RP
Justin Slaten,25648,27,pitcher,Justin Slaten (RP),RP,RP
Justin Steele,17312,29,pitcher,Justin Steele (SP),SP,SP
Justin Topa,15145,34,pitcher,Justin Topa (RP),RP,RP
Justin Turner,5235,40,hitter,Justin Turner (Hitter),Hitter,NA
Justin Verlander,8700,42,pitcher,Justin Verlander (SP),SP,SP
Justin Wilson,4301,37,pitcher,Justin Wilson (RP),RP,RP
Justin Wrobleski,31204,24,pitcher,Justin Wrobleski (SP),SP,SP
Justyn-Henry Malloy,29606,25,hitter,Justyn-Henry Malloy (Hitter),Hitter,NA
Kade Strowd,26191,27,pitcher,Kade Strowd (RP),RP,RP
Kai-Wei Teng,24282,26,pitcher,Kai-Wei Teng (SP),SP,SP
Kameron Misner,26374,27,hitter,Kameron Misner (Hitter),Hitter,NA
Ke'Bryan Hayes,18577,28,hitter,Ke'Bryan Hayes (Hitter),Hitter,NA
Keibert Ruiz,19610,26,hitter,Keibert Ruiz (Hitter),Hitter,NA
Kenedy Corona,26244,25,hitter,Kenedy Corona (Hitter),Hitter,NA
Kenley Jansen,3096,37,pitcher,Kenley Jansen (RP),RP,RP
Kerry Carpenter,25961,27,hitter,Kerry Carpenter (Hitter),Hitter,NA
Keston Hiura,20003,28,hitter,Keston Hiura (Hitter),Hitter,NA
Ketel Marte,13613,31,hitter,Ketel Marte (Hitter),Hitter,NA
Kevin Gausman,14107,34,pitcher,Kevin Gausman (SP),SP,SP
Kevin Ginkel,19876,31,pitcher,Kevin Ginkel (RP),RP,RP
Kevin Herget,15369,34,pitcher,Kevin Herget (RP),RP,RP
Kevin Newman,17696,31,hitter,Kevin Newman (Hitter),Hitter,NA
Kevin Pillar,12434,36,hitter,Kevin Pillar (Hitter),Hitter,NA
Kirby Yates,9073,38,pitcher,Kirby Yates (RP),RP,RP
Kodai Senga,31838,32,pitcher,Kodai Senga (SP),SP,SP
Kody Clemens,20572,29,hitter,Kody Clemens (Hitter),Hitter,NA
Kolby Allard,18694,27,pitcher,Kolby Allard (RP),RP,RP
Konnor Pilkington,21453,27,pitcher,Konnor Pilkington (RP),RP,RP
Korey Lee,25543,26,hitter,Korey Lee (Hitter),Hitter,NA
Kris Bryant,15429,33,hitter,Kris Bryant (Hitter),Hitter,NA
Kris Bubic,21455,27,pitcher,Kris Bubic (SP),SP,SP
Kristian Campbell,33644,23,hitter,Kristian Campbell (Hitter),Hitter,NA
Kumar Rocker,31843,25,pitcher,Kumar Rocker (SP),SP,SP
Kyle Farmer,14813,34,hitter,Kyle Farmer (Hitter),Hitter,NA
Kyle Finnegan,15009,33,pitcher,Kyle Finnegan (RP),RP,RP
Kyle Freeland,16256,32,pitcher,Kyle Freeland (SP),SP,SP
Kyle Harrison,27758,23,pitcher,Kyle Harrison (SP),SP,SP
Kyle Hendricks,12049,35,pitcher,Kyle Hendricks (SP),SP,SP
Kyle Higashioka,5517,35,hitter,Kyle Higashioka (Hitter),Hitter,NA
Kyle Isbel,21614,28,hitter,Kyle Isbel (Hitter),Hitter,NA
Kyle Karros,33252,22,hitter,Kyle Karros (Hitter),Hitter,NA
Kyle Leahy,24763,28,pitcher,Kyle Leahy (RP),RP,RP
Kyle Manzardo,29794,24,hitter,Kyle Manzardo (Hitter),Hitter,NA
Kyle Schwarber,16478,32,hitter,Kyle Schwarber (Hitter),Hitter,NA
Kyle Stowers,26151,27,hitter,Kyle Stowers (Hitter),Hitter,NA
Kyle Teel,33549,23,hitter,Kyle Teel (Hitter),Hitter,NA
Kyle Tucker,18345,28,hitter,Kyle Tucker (Hitter),Hitter,NA
Kyren Paris,26420,23,hitter,Kyren Paris (Hitter),Hitter,NA
LaMonte Wade Jr.,18126,31,hitter,LaMonte Wade Jr. (Hitter),Hitter,NA
Lake Bachar,19222,30,pitcher,Lake Bachar (RP),RP,RP
Landen Roupp,30076,26,pitcher,Landen Roupp (SP),SP,SP
Lane Thomas,16939,29,hitter,Lane Thomas (Hitter),Hitter,NA
Lars Nootbaar,21454,27,hitter,Lars Nootbaar (Hitter),Hitter,NA
Lawrence Butler,22542,24,hitter,Lawrence Butler (Hitter),Hitter,NA
Lenyn Sosa,22896,25,hitter,Lenyn Sosa (Hitter),Hitter,NA
Leo Jimenez,23782,24,hitter,Leo Jimenez (Hitter),Hitter,NA
Leo Rivas,21009,27,hitter,Leo Rivas (Hitter),Hitter,NA
Leody Taveras,18900,26,hitter,Leody Taveras (Hitter),Hitter,NA
Liam Hicks,29844,26,hitter,Liam Hicks (Hitter),Hitter,NA
Liover Peguero,24273,24,hitter,Liover Peguero (Hitter),Hitter,NA
Logan Allen,27589,26,pitcher,Logan Allen (SP),SP,SP
Logan Davidson,25844,27,hitter,Logan Davidson (Hitter),Hitter,NA
Logan Gilbert,22250,28,pitcher,Logan Gilbert (SP),SP,SP
Logan Henderson,31475,23,pitcher,Logan Henderson (SP),SP,SP
Logan O'Hoppe,24729,25,hitter,Logan O'Hoppe (Hitter),Hitter,NA
Logan Porter,20626,29,hitter,Logan Porter (Hitter),Hitter,NA
Logan Webb,17995,28,pitcher,Logan Webb (SP),SP,SP
Louie Varland,27691,27,pitcher,Louie Varland (RP),RP,RP
Lourdes Gurriel Jr.,19238,31,hitter,Lourdes Gurriel Jr. (Hitter),Hitter,NA
Lucas Erceg,19360,30,pitcher,Lucas Erceg (RP),RP,RP
Lucas Giolito,15474,30,pitcher,Lucas Giolito (SP),SP,SP
Luis Arraez,18568,28,hitter,Luis Arraez (Hitter),Hitter,NA
Luis Campusano,22217,26,hitter,Luis Campusano (Hitter),Hitter,NA
Luis Castillo,15689,32,pitcher,Luis Castillo (SP),SP,SP
Luis Castillo,20638,30,pitcher,Luis Castillo (SP),SP,SP
Luis Curvelo,24710,24,pitcher,Luis Curvelo (RP),RP,RP
Luis Garcia,6984,38,pitcher,Luis Garcia (RP),RP,RP
Luis Garcia Jr.,20391,25,hitter,Luis Garcia Jr. (Hitter),Hitter,NA
Luis Gil,21052,27,pitcher,Luis Gil (SP),SP,SP
Luis Guillorme,16451,30,hitter,Luis Guillorme (Hitter),Hitter,NA
Luis L. Ortiz,27646,26,pitcher,Luis L. Ortiz (SP),SP,SP
Luis Matos,26467,23,hitter,Luis Matos (Hitter),Hitter,NA
Luis Mey,25620,24,pitcher,Luis Mey (RP),RP,RP
Luis Rengifo,19858,28,hitter,Luis Rengifo (Hitter),Hitter,NA
Luis Robert Jr.,20043,27,hitter,Luis Robert Jr. (Hitter),Hitter,NA
Luis Severino,15890,31,pitcher,Luis Severino (SP),SP,SP
Luis Torrens,15905,29,hitter,Luis Torrens (Hitter),Hitter,NA
Luis Urias,16622,28,hitter,Luis Urias (Hitter),Hitter,NA
Luis Vazquez,23442,25,hitter,Luis Vazquez (Hitter),Hitter,NA
Luis Vazquez,23442,25,pitcher,Luis Vazquez (RP),RP,RP
Luisangel Acuna,26548,23,hitter,Luisangel Acuna (Hitter),Hitter,NA
Luke Keaschall,33321,22,hitter,Luke Keaschall (Hitter),Hitter,NA
Luke Maile,13355,34,hitter,Luke Maile (Hitter),Hitter,NA
Luke Raley,19354,30,hitter,Luke Raley (Hitter),Hitter,NA
Luke Weaver,16918,31,pitcher,Luke Weaver (RP),RP,RP
Luke Williams,19931,28,hitter,Luke Williams (Hitter),Hitter,NA
Luken Baker,21497,28,hitter,Luken Baker (Hitter),Hitter,NA
Lyon Richardson,24581,25,pitcher,Lyon Richardson (RP),RP,RP
MJ Melendez,22197,26,hitter,MJ Melendez (Hitter),Hitter,NA
MacKenzie Gore,22201,26,pitcher,MacKenzie Gore (SP),SP,SP
Maikel Garcia,22715,25,hitter,Maikel Garcia (Hitter),Hitter,NA
Manny Machado,11493,32,hitter,Manny Machado (Hitter),Hitter,NA
Manuel Margot,14712,30,hitter,Manuel Margot (Hitter),Hitter,NA
Manuel Rodriguez,20794,28,pitcher,Manuel Rodriguez (RP),RP,RP
Marcell Ozuna,10324,34,hitter,Marcell Ozuna (Hitter),Hitter,NA
Marcelo Mayer,29668,22,hitter,Marcelo Mayer (Hitter),Hitter,NA
Marcus Semien,12533,34,hitter,Marcus Semien (Hitter),Hitter,NA
Marcus Stroman,13431,34,pitcher,Marcus Stroman (SP),SP,SP
Mark Canha,11445,36,hitter,Mark Canha (Hitter),Hitter,NA
Mark Leiter Jr.,15551,34,pitcher,Mark Leiter Jr. (RP),RP,RP
Mark Vientos,22184,25,hitter,Mark Vientos (Hitter),Hitter,NA
Martin Maldonado,6887,38,hitter,Martin Maldonado (Hitter),Hitter,NA
Martin Perez,6902,34,pitcher,Martin Perez (SP),SP,SP
Masataka Yoshida,31837,31,hitter,Masataka Yoshida (Hitter),Hitter,NA
Mason Englert,22288,25,pitcher,Mason Englert (RP),RP,RP
Mason Fluharty,31553,23,pitcher,Mason Fluharty (RP),RP,RP
Mason McCoy,22232,30,hitter,Mason McCoy (Hitter),Hitter,NA
Mason Miller,31757,26,pitcher,Mason Miller (RP),RP,RP
Mason Montgomery,29770,25,pitcher,Mason Montgomery (RP),RP,RP
Masyn Winn,27479,23,hitter,Masyn Winn (Hitter),Hitter,NA
Matt Brash,25756,27,pitcher,Matt Brash (RP),RP,RP
Matt Chapman,16505,32,hitter,Matt Chapman (Hitter),Hitter,NA
Matt Festa,19330,32,pitcher,Matt Festa (RP),RP,RP
Matt Gage,17381,32,pitcher,Matt Gage (RP),RP,RP
Matt Gorski,25855,27,hitter,Matt Gorski (Hitter),Hitter,NA
Matt Krook,19315,30,pitcher,Matt Krook (RP),RP,RP
Matt McLain,29695,25,hitter,Matt McLain (Hitter),Hitter,NA
Matt Mervis,27845,27,hitter,Matt Mervis (Hitter),Hitter,NA
Matt Olson,14344,31,hitter,Matt Olson (Hitter),Hitter,NA
Matt Shaw,33322,23,hitter,Matt Shaw (Hitter),Hitter,NA
Matt Strahm,13799,33,pitcher,Matt Strahm (RP),RP,RP
Matt Svanson,29629,26,pitcher,Matt Svanson (RP),RP,RP
Matt Thaiss,19318,30,hitter,Matt Thaiss (Hitter),Hitter,NA
Matt Vierling,21558,28,hitter,Matt Vierling (Hitter),Hitter,NA
Matt Wallner,26466,27,hitter,Matt Wallner (Hitter),Hitter,NA
Matthew Boyd,15440,34,pitcher,Matthew Boyd (SP),SP,SP
Matthew Liberatore,22294,25,pitcher,Matthew Liberatore (SP),SP,SP
Matthew Lugo,25980,24,hitter,Matthew Lugo (Hitter),Hitter,NA
Mauricio Dubon,16530,30,hitter,Mauricio Dubon (Hitter),Hitter,NA
Maverick Handley,26106,27,hitter,Maverick Handley (Hitter),Hitter,NA
Max Fried,13743,31,pitcher,Max Fried (SP),SP,SP
Max Kepler,12144,32,hitter,Max Kepler (Hitter),Hitter,NA
Max Kranick,22175,27,pitcher,Max Kranick (RP),RP,RP
Max Meyer,27474,26,pitcher,Max Meyer (SP),SP,SP
Max Muncy,13301,34,hitter,Max Muncy (Hitter),Hitter,NA
Max Muncy,29779,22,hitter,Max Muncy (Hitter),Hitter,NA
Max Scherzer,3137,40,pitcher,Max Scherzer (SP),SP,SP
Max Schuemann,24488,28,hitter,Max Schuemann (Hitter),Hitter,NA
Merrill Kelly,11156,36,pitcher,Merrill Kelly (SP),SP,SP
Michael A. Taylor,11489,34,hitter,Michael A. Taylor (Hitter),Hitter,NA
Michael Busch,26319,27,hitter,Michael Busch (Hitter),Hitter,NA
Michael Conforto,16376,32,hitter,Michael Conforto (Hitter),Hitter,NA
Michael Harris II,25931,24,hitter,Michael Harris II (Hitter),Hitter,NA
Michael Helman,24605,29,hitter,Michael Helman (Hitter),Hitter,NA
Michael Kelly,12791,32,pitcher,Michael Kelly (RP),RP,RP
Michael King,19853,30,pitcher,Michael King (SP),SP,SP
Michael Kopech,17282,29,pitcher,Michael Kopech (RP),RP,RP
Michael Lorenzen,14843,33,pitcher,Michael Lorenzen (SP),SP,SP
Michael Massey,27684,27,hitter,Michael Massey (Hitter),Hitter,NA
Michael McGreevy,29869,24,pitcher,Michael McGreevy (SP),SP,SP
Michael Siani,22557,25,hitter,Michael Siani (Hitter),Hitter,NA
Michael Stefanic,25353,29,hitter,Michael Stefanic (Hitter),Hitter,NA
Michael Stefanic,25353,29,pitcher,Michael Stefanic (RP),RP,RP
Michael Toglia,25845,26,hitter,Michael Toglia (Hitter),Hitter,NA
Michael Wacha,14078,33,pitcher,Michael Wacha (SP),SP,SP
Mickey Gasper,24759,29,hitter,Mickey Gasper (Hitter),Hitter,NA
Mickey Moniak,19956,27,hitter,Mickey Moniak (Hitter),Hitter,NA
Miguel Amaya,21693,26,hitter,Miguel Amaya (Hitter),Hitter,NA
Miguel Andujar,15878,30,hitter,Miguel Andujar (Hitter),Hitter,NA
Miguel Rojas,7802,36,hitter,Miguel Rojas (Hitter),Hitter,NA
Miguel Vargas,20178,25,hitter,Miguel Vargas (Hitter),Hitter,NA
Mike Burrows,24728,25,pitcher,Mike Burrows (SP),SP,SP
Mike Soroka,18383,27,pitcher,Mike Soroka (SP),SP,SP
Mike Tauchman,15274,34,hitter,Mike Tauchman (Hitter),Hitter,NA
Mike Trout,10155,33,hitter,Mike Trout (Hitter),Hitter,NA
Mike Vasil,30105,25,pitcher,Mike Vasil (RP),RP,RP
Mike Yastrzemski,14854,34,hitter,Mike Yastrzemski (Hitter),Hitter,NA
Miles Mastrobuoni,20017,29,hitter,Miles Mastrobuoni (Hitter),Hitter,NA
Miles Mikolas,9803,36,pitcher,Miles Mikolas (SP),SP,SP
Mitch Garver,15161,34,hitter,Mitch Garver (Hitter),Hitter,NA
Mitch Keller,17594,29,pitcher,Mitch Keller (SP),SP,SP
Mitchell Parker,27636,25,pitcher,Mitchell Parker (SP),SP,SP
Moises Ballesteros,28820,21,hitter,Moises Ballesteros (Hitter),Hitter,NA
Mookie Betts,13611,32,hitter,Mookie Betts (Hitter),Hitter,NA
Myles Straw,17620,30,hitter,Myles Straw (Hitter),Hitter,NA
Nacho Alvarez Jr.,31765,22,hitter,Nacho Alvarez Jr. (Hitter),Hitter,NA
Nasim Nunez,25979,24,hitter,Nasim Nunez (Hitter),Hitter,NA
Nate Eaton,25055,28,hitter,Nate Eaton (Hitter),Hitter,NA
Nate Eaton,25055,28,pitcher,Nate Eaton (RP),RP,RP
Nathan Eovaldi,9132,35,pitcher,Nathan Eovaldi (SP),SP,SP
Nathan Lukes,18123,30,hitter,Nathan Lukes (Hitter),Hitter,NA
Nathan Wiles,25474,26,pitcher,Nathan Wiles (RP),RP,RP
Nathaniel Lowe,19566,29,hitter,Nathaniel Lowe (Hitter),Hitter,NA
Nic Enright,25553,28,pitcher,Nic Enright (RP),RP,RP
Nick Ahmed,12147,35,hitter,Nick Ahmed (Hitter),Hitter,NA
Nick Allen,22277,26,hitter,Nick Allen (Hitter),Hitter,NA
Nick Anderson,18337,34,pitcher,Nick Anderson (RP),RP,RP
Nick Burdi,16074,32,pitcher,Nick Burdi (RP),RP,RP
Nick Castellanos,11737,33,hitter,Nick Castellanos (Hitter),Hitter,NA
Nick Fortes,21538,28,hitter,Nick Fortes (Hitter),Hitter,NA
Nick Gonzales,27490,26,hitter,Nick Gonzales (Hitter),Hitter,NA
Nick Kurtz,35110,22,hitter,Nick Kurtz (Hitter),Hitter,NA
Nick Lodolo,26378,27,pitcher,Nick Lodolo (SP),SP,SP
Nick Loftin,27630,26,hitter,Nick Loftin (Hitter),Hitter,NA
Nick Martinez,12730,34,pitcher,Nick Martinez (SP),SP,SP
Nick Martini,12005,35,hitter,Nick Martini (Hitter),Hitter,NA
Nick Maton,21635,28,hitter,Nick Maton (Hitter),Hitter,NA
Nick Mears,25376,28,pitcher,Nick Mears (RP),RP,RP
Nick Pivetta,15454,32,pitcher,Nick Pivetta (SP),SP,SP
Nick Sandlin,20517,28,pitcher,Nick Sandlin (RP),RP,RP
Nick Sogard,25483,27,hitter,Nick Sogard (Hitter),Hitter,NA
Nick Solak,19294,30,hitter,Nick Solak (Hitter),Hitter,NA
Nicky Lopez,19339,30,hitter,Nicky Lopez (Hitter),Hitter,NA
Nico Hoerner,21479,28,hitter,Nico Hoerner (Hitter),Hitter,NA
Niko Kavadas,29782,26,hitter,Niko Kavadas (Hitter),Hitter,NA
Noah Cameron,30184,25,pitcher,Noah Cameron (SP),SP,SP
Noah Murdock,27908,26,pitcher,Noah Murdock (RP),RP,RP
Noelvi Marte,26517,23,hitter,Noelvi Marte (Hitter),Hitter,NA
Nolan Arenado,9777,34,hitter,Nolan Arenado (Hitter),Hitter,NA
Nolan Gorman,22263,25,hitter,Nolan Gorman (Hitter),Hitter,NA
Nolan Jones,20529,27,hitter,Nolan Jones (Hitter),Hitter,NA
Nolan Schanuel,33189,23,hitter,Nolan Schanuel (Hitter),Hitter,NA
Oliver Dunn,26295,27,hitter,Oliver Dunn (Hitter),Hitter,NA
Omar Cruz,23875,26,pitcher,Omar Cruz (RP),RP,RP
Omar Narvaez,13338,33,hitter,Omar Narvaez (Hitter),Hitter,NA
Oneil Cruz,21711,26,hitter,Oneil Cruz (Hitter),Hitter,NA
Orion Kerkering,31776,24,pitcher,Orion Kerkering (RP),RP,RP
Orlando Arcia,13185,30,hitter,Orlando Arcia (Hitter),Hitter,NA
Oscar Gonzalez,20970,27,hitter,Oscar Gonzalez (Hitter),Hitter,NA
Oswald Peraza,22823,25,hitter,Oswald Peraza (Hitter),Hitter,NA
Oswaldo Cabrera,21707,26,hitter,Oswaldo Cabrera (Hitter),Hitter,NA
Otto Kemp,31792,25,hitter,Otto Kemp (Hitter),Hitter,NA
Otto Lopez,19608,26,hitter,Otto Lopez (Hitter),Hitter,NA
Owen Miller,24655,28,hitter,Owen Miller (Hitter),Hitter,NA
Owen White,22273,25,pitcher,Owen White (RP),RP,RP
Ozzie Albies,16556,28,hitter,Ozzie Albies (Hitter),Hitter,NA
Pablo Lopez,17085,29,pitcher,Pablo Lopez (SP),SP,SP
Pablo Reyes,16357,31,hitter,Pablo Reyes (Hitter),Hitter,NA
Parker Meadows,23800,25,hitter,Parker Meadows (Hitter),Hitter,NA
Patrick Bailey,27478,26,hitter,Patrick Bailey (Hitter),Hitter,NA
Patrick Corbin,9323,35,pitcher,Patrick Corbin (SP),SP,SP
Patrick Monteverde,29564,27,pitcher,Patrick Monteverde (RP),RP,RP
Paul Blackburn,14739,31,pitcher,Paul Blackburn (SP),SP,SP
Paul DeJong,18015,31,hitter,Paul DeJong (Hitter),Hitter,NA
Paul Goldschmidt,9218,37,hitter,Paul Goldschmidt (Hitter),Hitter,NA
Paul Sewald,13892,35,pitcher,Paul Sewald (RP),RP,RP
Paul Skenes,33677,23,pitcher,Paul Skenes (SP),SP,SP
Pavin Smith,19892,29,hitter,Pavin Smith (Hitter),Hitter,NA
Paxton Schultz,25501,27,pitcher,Paxton Schultz (RP),RP,RP
Pedro Pages,25782,26,hitter,Pedro Pages (Hitter),Hitter,NA
Pete Alonso,19251,30,hitter,Pete Alonso (Hitter),Hitter,NA
Pete Crow-Armstrong,27769,23,hitter,Pete Crow-Armstrong (Hitter),Hitter,NA
Pete Fairbanks,17998,31,pitcher,Pete Fairbanks (RP),RP,RP
Phil Maton,18064,32,pitcher,Phil Maton (RP),RP,RP
Pierce Johnson,13435,34,pitcher,Pierce Johnson (RP),RP,RP
Quinn Priester,25977,24,pitcher,Quinn Priester (SP),SP,SP
Rafael Devers,17350,28,hitter,Rafael Devers (Hitter),Hitter,NA
Rafael Marchan,21646,26,hitter,Rafael Marchan (Hitter),Hitter,NA
Rafael Montero,12760,34,pitcher,Rafael Montero (RP),RP,RP
Raisel Iglesias,17130,35,pitcher,Raisel Iglesias (RP),RP,RP
Ramon Laureano,17128,30,hitter,Ramon Laureano (Hitter),Hitter,NA
Ramon Urias,18795,31,hitter,Ramon Urias (Hitter),Hitter,NA
Randal Grichuk,10243,33,hitter,Randal Grichuk (Hitter),Hitter,NA
Randy Arozarena,19290,30,hitter,Randy Arozarena (Hitter),Hitter,NA
Randy Rodriguez,23974,25,pitcher,Randy Rodriguez (RP),RP,RP
Randy Vasquez,24719,26,pitcher,Randy Vasquez (SP),SP,SP
Ranger Suarez,17277,29,pitcher,Ranger Suarez (SP),SP,SP
Rece Hinds,27493,24,hitter,Rece Hinds (Hitter),Hitter,NA
Reed Garrett,16866,32,pitcher,Reed Garrett (RP),RP,RP
Reese McGuire,15674,30,hitter,Reese McGuire (Hitter),Hitter,NA
Reese Olson,24968,25,pitcher,Reese Olson (SP),SP,SP
Reid Detmers,27468,25,pitcher,Reid Detmers (RP),RP,RP
Rhylan Thomas,31793,25,hitter,Rhylan Thomas (Hitter),Hitter,NA
Rhys Hoskins,16472,32,hitter,Rhys Hoskins (Hitter),Hitter,NA
Richie Palacios,24589,28,hitter,Richie Palacios (Hitter),Hitter,NA
Rico Garcia,20023,31,pitcher,Rico Garcia (RP),RP,RP
Riley Adams,19864,29,hitter,Riley Adams (Hitter),Hitter,NA
Riley Greene,25976,24,hitter,Riley Greene (Hitter),Hitter,NA
Riley O'Brien,20348,30,pitcher,Riley O'Brien (RP),RP,RP
Rob Brantly,10655,35,hitter,Rob Brantly (Hitter),Hitter,NA
Rob Refsnyder,13770,34,hitter,Rob Refsnyder (Hitter),Hitter,NA
Rob Zastryzny,15094,33,pitcher,Rob Zastryzny (RP),RP,RP
Robbie Ray,11486,33,pitcher,Robbie Ray (SP),SP,SP
Robert Garcia,23363,29,pitcher,Robert Garcia (RP),RP,RP
Robert Hassell III,27482,23,hitter,Robert Hassell III (Hitter),Hitter,NA
Robert Stephenson,13594,32,pitcher,Robert Stephenson (RP),RP,RP
Robert Suarez,30115,34,pitcher,Robert Suarez (RP),RP,RP
Roman Anthony,31812,21,hitter,Roman Anthony (Hitter),Hitter,NA
Romy Gonzalez,21562,28,hitter,Romy Gonzalez (Hitter),Hitter,NA
Ron Marinaccio,23488,29,pitcher,Ron Marinaccio (RP),RP,RP
Ronald Acuna Jr.,18401,27,hitter,Ronald Acuna Jr. (Hitter),Hitter,NA
Ronel Blanco,19407,31,pitcher,Ronel Blanco (SP),SP,SP
Ronny Henriquez,24094,25,pitcher,Ronny Henriquez (RP),RP,RP
Ronny Mauricio,23698,24,hitter,Ronny Mauricio (Hitter),Hitter,NA
Ronny Simon,25346,25,hitter,Ronny Simon (Hitter),Hitter,NA
Rowdy Tellez,15679,30,hitter,Rowdy Tellez (Hitter),Hitter,NA
Royce Lewis,20437,26,hitter,Royce Lewis (Hitter),Hitter,NA
Ryan Bergert,29863,25,pitcher,Ryan Bergert (SP),SP,SP
Ryan Bliss,29547,25,hitter,Ryan Bliss (Hitter),Hitter,NA
Ryan Borucki,16350,31,pitcher,Ryan Borucki (RP),RP,RP
Ryan Brasier,5615,37,pitcher,Ryan Brasier (RP),RP,RP
Ryan Burr,17536,31,pitcher,Ryan Burr (RP),RP,RP
Ryan Feltner,21446,28,pitcher,Ryan Feltner (SP),SP,SP
Ryan Fitzgerald,24622,31,hitter,Ryan Fitzgerald (Hitter),Hitter,NA
Ryan Gusto,26440,26,pitcher,Ryan Gusto (SP),SP,SP
Ryan Helsley,18138,30,pitcher,Ryan Helsley (RP),RP,RP
Ryan Jeffers,24618,28,hitter,Ryan Jeffers (Hitter),Hitter,NA
Ryan Kreidler,25867,27,hitter,Ryan Kreidler (Hitter),Hitter,NA
Ryan McMahon,15112,30,hitter,Ryan McMahon (Hitter),Hitter,NA
Ryan Mountcastle,18373,28,hitter,Ryan Mountcastle (Hitter),Hitter,NA
Ryan Noda,23312,29,hitter,Ryan Noda (Hitter),Hitter,NA
Ryan O'Hearn,16442,31,hitter,Ryan O'Hearn (Hitter),Hitter,NA
Ryan Pepiot,26221,27,pitcher,Ryan Pepiot (SP),SP,SP
Ryan Ritter,31500,24,hitter,Ryan Ritter (Hitter),Hitter,NA
Ryan Thompson,16647,33,pitcher,Ryan Thompson (RP),RP,RP
Ryan Vilade,22165,26,hitter,Ryan Vilade (Hitter),Hitter,NA
Ryan Walker,20423,29,pitcher,Ryan Walker (RP),RP,RP
Ryan Weathers,23796,25,pitcher,Ryan Weathers (SP),SP,SP
Ryan Yarbrough,16502,33,pitcher,Ryan Yarbrough (SP),SP,SP
Ryne Nelson,26253,27,pitcher,Ryne Nelson (SP),SP,SP
Ryne Stanek,15947,33,pitcher,Ryne Stanek (RP),RP,RP
Sal Frelick,29622,25,hitter,Sal Frelick (Hitter),Hitter,NA
Salvador Perez,7304,35,hitter,Salvador Perez (Hitter),Hitter,NA
Sam Bachman,29754,25,pitcher,Sam Bachman (RP),RP,RP
Sam Haggerty,18054,31,hitter,Sam Haggerty (Hitter),Hitter,NA
Sam Hilliard,17954,31,hitter,Sam Hilliard (Hitter),Hitter,NA
Sam Huff,22209,27,hitter,Sam Huff (Hitter),Hitter,NA
Sam Moll,14874,33,pitcher,Sam Moll (RP),RP,RP
Samad Taylor,22274,26,hitter,Samad Taylor (Hitter),Hitter,NA
Sandy Alcantara,18684,29,pitcher,Sandy Alcantara (SP),SP,SP
Sandy Leon,5273,36,hitter,Sandy Leon (Hitter),Hitter,NA
Santiago Espinal,19997,30,hitter,Santiago Espinal (Hitter),Hitter,NA
Sauryn Lao,21922,25,pitcher,Sauryn Lao (RP),RP,RP
Sawyer Gipson-Long,26048,27,pitcher,Sawyer Gipson-Long (SP),SP,SP
Scott Barlow,14993,32,pitcher,Scott Barlow (RP),RP,RP
Scott Effross,18384,31,pitcher,Scott Effross (RP),RP,RP
Scott Kingery,17975,31,hitter,Scott Kingery (Hitter),Hitter,NA
Sean Bouchard,21270,29,hitter,Sean Bouchard (Hitter),Hitter,NA
Sean Burke,29878,25,pitcher,Sean Burke (SP),SP,SP
Sean Guenther,20045,29,pitcher,Sean Guenther (RP),RP,RP
Sean Manaea,15873,33,pitcher,Sean Manaea (SP),SP,SP
Sean Murphy,19352,30,hitter,Sean Murphy (Hitter),Hitter,NA
Sean Newcomb,16943,32,pitcher,Sean Newcomb (RP),RP,RP
Seiya Suzuki,30116,30,hitter,Seiya Suzuki (Hitter),Hitter,NA
Seranthony Dominguez,19249,30,pitcher,Seranthony Dominguez (RP),RP,RP
Sergio Alcantara,16417,28,hitter,Sergio Alcantara (Hitter),Hitter,NA
Seth Brown,18171,32,hitter,Seth Brown (Hitter),Hitter,NA
Seth Lugo,12447,35,pitcher,Seth Lugo (SP),SP,SP
Shane Baz,22264,26,pitcher,Shane Baz (SP),SP,SP
Shane Smith,31687,25,pitcher,Shane Smith (SP),SP,SP
Shawn Armstrong,12857,34,pitcher,Shawn Armstrong (RP),RP,RP
Shawn Dubin,24977,29,pitcher,Shawn Dubin (RP),RP,RP
Shay Whitcomb,27789,26,hitter,Shay Whitcomb (Hitter),Hitter,NA
Shea Langeliers,25816,27,hitter,Shea Langeliers (Hitter),Hitter,NA
Shelby Miller,10197,34,pitcher,Shelby Miller (RP),RP,RP
Shinnosuke Ogasawara,35324,27,pitcher,Shinnosuke Ogasawara (RP),RP,RP
Shohei Ohtani,19755,30,hitter,Shohei Ohtani (Hitter),Hitter,NA
Shohei Ohtani,19755,30,pitcher,Shohei Ohtani (SP),SP,SP
Shota Imanaga,33829,31,pitcher,Shota Imanaga (SP),SP,SP
Simeon Woods Richardson,24494,24,pitcher,Simeon Woods Richardson (SP),SP,SP
Slade Cecconi,27500,26,pitcher,Slade Cecconi (SP),SP,SP
Sonny Gray,12768,35,pitcher,Sonny Gray (SP),SP,SP
Spencer Arrighetti,29921,25,pitcher,Spencer Arrighetti (SP),SP,SP
Spencer Bivens,30226,31,pitcher,Spencer Bivens (RP),RP,RP
Spencer Horwitz,26477,27,hitter,Spencer Horwitz (Hitter),Hitter,NA
Spencer Schwellenbach,31846,25,pitcher,Spencer Schwellenbach (SP),SP,SP
Spencer Steer,26323,27,hitter,Spencer Steer (Hitter),Hitter,NA
Spencer Strider,27498,26,pitcher,Spencer Strider (SP),SP,SP
Spencer Torkelson,27465,25,hitter,Spencer Torkelson (Hitter),Hitter,NA
Starling Marte,9241,36,hitter,Starling Marte (Hitter),Hitter,NA
Stephen Kolek,21487,28,pitcher,Stephen Kolek (SP),SP,SP
Steven Cruz,23165,26,pitcher,Steven Cruz (RP),RP,RP
Steven Kwan,24610,27,hitter,Steven Kwan (Hitter),Hitter,NA
Steven Matz,13361,34,pitcher,Steven Matz (RP),RP,RP
Steven Okert,13580,33,pitcher,Steven Okert (RP),RP,RP
Steven Wilson,20353,30,pitcher,Steven Wilson (RP),RP,RP
Stuart Fairchild,20321,29,hitter,Stuart Fairchild (Hitter),Hitter,NA
TJ Friedl,19522,29,hitter,TJ Friedl (Hitter),Hitter,NA
Taijuan Walker,11836,32,pitcher,Taijuan Walker (SP),SP,SP
Taj Bradley,22543,24,pitcher,Taj Bradley (SP),SP,SP
Tanner Banks,16990,33,pitcher,Tanner Banks (RP),RP,RP
Tanner Bibee,30134,26,pitcher,Tanner Bibee (SP),SP,SP
Tanner Gordon,27669,27,pitcher,Tanner Gordon (SP),SP,SP
Tanner Rainey,17610,32,pitcher,Tanner Rainey (RP),RP,RP
Tanner Scott,17586,30,pitcher,Tanner Scott (RP),RP,RP
Tarik Skubal,22267,28,pitcher,Tarik Skubal (SP),SP,SP
Taylor Clarke,17611,32,pitcher,Taylor Clarke (RP),RP,RP
Taylor Rogers,13449,34,pitcher,Taylor Rogers (RP),RP,RP
Taylor Trammell,19960,27,hitter,Taylor Trammell (Hitter),Hitter,NA
Taylor Walls,22458,28,hitter,Taylor Walls (Hitter),Hitter,NA
Taylor Ward,17548,31,hitter,Taylor Ward (Hitter),Hitter,NA
Teoscar Hernandez,13066,32,hitter,Teoscar Hernandez (Hitter),Hitter,NA
Terrin Vavra,24400,28,hitter,Terrin Vavra (Hitter),Hitter,NA
Thairo Estrada,16426,29,hitter,Thairo Estrada (Hitter),Hitter,NA
Thomas Hatch,19264,30,pitcher,Thomas Hatch (RP),RP,RP
Thomas Saggese,27883,23,hitter,Thomas Saggese (Hitter),Hitter,NA
Tim Anderson,15172,32,hitter,Tim Anderson (Hitter),Hitter,NA
Tim Elko,31522,26,hitter,Tim Elko (Hitter),Hitter,NA
Tim Hill,16814,35,pitcher,Tim Hill (RP),RP,RP
Tim Mayza,15042,33,pitcher,Tim Mayza (RP),RP,RP
Tim Tawa,29571,26,hitter,Tim Tawa (Hitter),Hitter,NA
Tirso Ornelas,22566,25,hitter,Tirso Ornelas (Hitter),Hitter,NA
Tobias Myers,22191,26,pitcher,Tobias Myers (SP),SP,SP
Tom Cosgrove,23443,29,pitcher,Tom Cosgrove (RP),RP,RP
Tomas Nido,13755,31,hitter,Tomas Nido (Hitter),Hitter,NA
Tomas Nido,13755,31,pitcher,Tomas Nido (RP),RP,RP
Tommy Edman,19470,30,hitter,Tommy Edman (Hitter),Hitter,NA
Tommy Nance,19178,34,pitcher,Tommy Nance (RP),RP,RP
Tommy Pham,2967,37,hitter,Tommy Pham (Hitter),Hitter,NA
Tomoyuki Sugano,35321,35,pitcher,Tomoyuki Sugano (SP),SP,SP
Tony Santillan,19926,28,pitcher,Tony Santillan (RP),RP,RP
Touki Toussaint,16929,29,pitcher,Touki Toussaint (RP),RP,RP
Travis Adams,30180,25,pitcher,Travis Adams (RP),RP,RP
Travis Jankowski,13768,34,hitter,Travis Jankowski (Hitter),Hitter,NA
Travis d'Arnaud,7739,36,hitter,Travis d'Arnaud (Hitter),Hitter,NA
Trea Turner,16252,32,hitter,Trea Turner (Hitter),Hitter,NA
Trent Grisham,18564,28,hitter,Trent Grisham (Hitter),Hitter,NA
Trenton Brooks,19384,29,hitter,Trenton Brooks (Hitter),Hitter,NA
Trevor Larnach,21501,28,hitter,Trevor Larnach (Hitter),Hitter,NA
Trevor Megill,17722,31,pitcher,Trevor Megill (RP),RP,RP
Trevor Richards,19309,32,pitcher,Trevor Richards (RP),RP,RP
Trevor Rogers,22286,27,pitcher,Trevor Rogers (SP),SP,SP
Trevor Story,12564,32,hitter,Trevor Story (Hitter),Hitter,NA
Trevor Williams,16977,33,pitcher,Trevor Williams (SP),SP,SP
Trey Lipscomb,31567,25,hitter,Trey Lipscomb (Hitter),Hitter,NA
Trey Sweeney,29575,25,hitter,Trey Sweeney (Hitter),Hitter,NA
Tristan Gray,19877,29,hitter,Tristan Gray (Hitter),Hitter,NA
Tristan Peters,30063,25,hitter,Tristan Peters (Hitter),Hitter,NA
Tristin English,26148,28,hitter,Tristin English (Hitter),Hitter,NA
Triston Casas,22514,25,hitter,Triston Casas (Hitter),Hitter,NA
Troy Johnston,26143,28,hitter,Troy Johnston (Hitter),Hitter,NA
Troy Melton,31807,24,pitcher,Troy Melton (SP),SP,SP
Tsung-Che Cheng,28344,23,hitter,Tsung-Che Cheng (Hitter),Hitter,NA
Tucker Barnhart,10200,34,hitter,Tucker Barnhart (Hitter),Hitter,NA
Ty France,17982,30,hitter,Ty France (Hitter),Hitter,NA
Tyler Alexander,17735,30,pitcher,Tyler Alexander (RP),RP,RP
Tyler Anderson,12880,35,pitcher,Tyler Anderson (SP),SP,SP
Tyler Black,29949,24,hitter,Tyler Black (Hitter),Hitter,NA
Tyler Callihan,27497,25,hitter,Tyler Callihan (Hitter),Hitter,NA
Tyler Fitzgerald,26208,27,hitter,Tyler Fitzgerald (Hitter),Hitter,NA
Tyler Freeman,22532,26,hitter,Tyler Freeman (Hitter),Hitter,NA
Tyler Gilbert,17964,31,pitcher,Tyler Gilbert (RP),RP,RP
Tyler Glasnow,14374,31,pitcher,Tyler Glasnow (SP),SP,SP
Tyler Heineman,13897,34,hitter,Tyler Heineman (Hitter),Hitter,NA
Tyler Kinley,18297,34,pitcher,Tyler Kinley (RP),RP,RP
Tyler Locklear,31396,24,hitter,Tyler Locklear (Hitter),Hitter,NA
Tyler Mahle,16358,30,pitcher,Tyler Mahle (SP),SP,SP
Tyler Matzek,10058,34,pitcher,Tyler Matzek (RP),RP,RP
Tyler O'Neill,15711,30,hitter,Tyler O'Neill (Hitter),Hitter,NA
Tyler Rogers,15541,34,pitcher,Tyler Rogers (RP),RP,RP
Tyler Soderstrom,27467,23,hitter,Tyler Soderstrom (Hitter),Hitter,NA
Tyler Stephenson,17988,28,hitter,Tyler Stephenson (Hitter),Hitter,NA
Tyler Tolbert,25779,27,hitter,Tyler Tolbert (Hitter),Hitter,NA
Tyler Wade,15730,30,hitter,Tyler Wade (Hitter),Hitter,NA
Tyler Zuber,20379,30,pitcher,Tyler Zuber (RP),RP,RP
Tylor Megill,21318,29,pitcher,Tylor Megill (SP),SP,SP
Tyrone Taylor,13675,31,hitter,Tyrone Taylor (Hitter),Hitter,NA
Valente Bellozo,23899,25,pitcher,Valente Bellozo (RP),RP,RP
Victor Caratini,14968,31,hitter,Victor Caratini (Hitter),Hitter,NA
Victor Mesa Jr.,25999,23,hitter,Victor Mesa Jr. (Hitter),Hitter,NA
Victor Robles,18363,28,hitter,Victor Robles (Hitter),Hitter,NA
Victor Scott II,31349,24,hitter,Victor Scott II (Hitter),Hitter,NA
Victor Vodnik,24614,25,pitcher,Victor Vodnik (RP),RP,RP
Vidal Brujan,20536,27,hitter,Vidal Brujan (Hitter),Hitter,NA
Vinnie Pasquantino,27676,27,hitter,Vinnie Pasquantino (Hitter),Hitter,NA
Vinny Capra,25040,28,hitter,Vinny Capra (Hitter),Hitter,NA
Vladimir Guerrero Jr.,19611,26,hitter,Vladimir Guerrero Jr. (Hitter),Hitter,NA
Wandy Peralta,14295,33,pitcher,Wandy Peralta (RP),RP,RP
Warming Bernabel,26536,23,hitter,Warming Bernabel (Hitter),Hitter,NA
Wenceel Perez,22857,25,hitter,Wenceel Perez (Hitter),Hitter,NA
Weston Wilson,19358,30,hitter,Weston Wilson (Hitter),Hitter,NA
Weston Wilson,19358,30,pitcher,Weston Wilson (RP),RP,RP
Wikelman Gonzalez,26641,23,pitcher,Wikelman Gonzalez (RP),RP,RP
Will Benson,21853,27,hitter,Will Benson (Hitter),Hitter,NA
Will Brennan,25660,27,hitter,Will Brennan (Hitter),Hitter,NA
Will Klein,27787,25,pitcher,Will Klein (RP),RP,RP
Will Robertson,25467,27,hitter,Will Robertson (Hitter),Hitter,NA
Will Smith,19197,30,hitter,Will Smith (Hitter),Hitter,NA
Will Vest,19769,30,pitcher,Will Vest (RP),RP,RP
Will Wagner,29634,26,hitter,Will Wagner (Hitter),Hitter,NA
Will Warren,30182,26,pitcher,Will Warren (SP),SP,SP
Will Wilson,25434,26,hitter,Will Wilson (Hitter),Hitter,NA
Willi Castro,17338,28,hitter,Willi Castro (Hitter),Hitter,NA
Willi Castro,17338,28,pitcher,Willi Castro (RP),RP,RP
William Contreras,20503,27,hitter,William Contreras (Hitter),Hitter,NA
Willie MacIver,24641,28,hitter,Willie MacIver (Hitter),Hitter,NA
Willie MacIver,24641,28,pitcher,Willie MacIver (RP),RP,RP
Willson Contreras,11609,33,hitter,Willson Contreras (Hitter),Hitter,NA
Willy Adames,15986,29,hitter,Willy Adames (Hitter),Hitter,NA
Wilmer Flores,5827,33,hitter,Wilmer Flores (Hitter),Hitter,NA
Wilyer Abreu,23772,26,hitter,Wilyer Abreu (Hitter),Hitter,NA
Wyatt Langford,33333,23,hitter,Wyatt Langford (Hitter),Hitter,NA
Xander Bogaerts,12161,32,hitter,Xander Bogaerts (Hitter),Hitter,NA
Xavier Edwards,22266,25,hitter,Xavier Edwards (Hitter),Hitter,NA
Yainer Diaz,23003,26,hitter,Yainer Diaz (Hitter),Hitter,NA
Yandy Diaz,16578,33,hitter,Yandy Diaz (Hitter),Hitter,NA
Yanquiel Fernandez,28552,22,hitter,Yanquiel Fernandez (Hitter),Hitter,NA
Yariel Rodriguez,33838,28,pitcher,Yariel Rodriguez (RP),RP,RP
Yennier Cano,25911,31,pitcher,Yennier Cano (RP),RP,RP
Yerry De Los Santos,21420,27,pitcher,Yerry De Los Santos (RP),RP,RP
Yimi Garcia,12095,34,pitcher,Yimi Garcia (RP),RP,RP
Yoan Moncada,17232,30,hitter,Yoan Moncada (Hitter),Hitter,NA
Yohan Ramirez,19444,30,pitcher,Yohan Ramirez (RP),RP,RP
Yohel Pozo,18848,28,hitter,Yohel Pozo (Hitter),Hitter,NA
Yordan Alvarez,19556,28,hitter,Yordan Alvarez (Hitter),Hitter,NA
Yoshinobu Yamamoto,33825,26,pitcher,Yoshinobu Yamamoto (SP),SP,SP
Yu Darvish,13074,38,pitcher,Yu Darvish (SP),SP,SP
Yuli Gurriel,19198,41,hitter,Yuli Gurriel (Hitter),Hitter,NA
Yusei Kikuchi,20633,34,pitcher,Yusei Kikuchi (SP),SP,SP
Zac Gallen,19291,29,pitcher,Zac Gallen (SP),SP,SP
Zac Veen,27770,23,hitter,Zac Veen (Hitter),Hitter,NA
Zach Dezenzo,31562,25,hitter,Zach Dezenzo (Hitter),Hitter,NA
Zach McKinstry,19392,30,hitter,Zach McKinstry (Hitter),Hitter,NA
Zach Neto,31347,24,hitter,Zach Neto (Hitter),Hitter,NA
Zach Thompson,16094,31,pitcher,Zach Thompson (RP),RP,RP
Zack Gelof,29766,25,hitter,Zack Gelof (Hitter),Hitter,NA
Zack Kelly,20349,30,pitcher,Zack Kelly (RP),RP,RP
Zack Littell,15823,29,pitcher,Zack Littell (SP),SP,SP
Zack Short,19562,30,hitter,Zack Short (Hitter),Hitter,NA
Zack Wheeler,10310,35,pitcher,Zack Wheeler (SP),SP,SP
Zak Kent,25703,27,pitcher,Zak Kent (RP),RP,RP
Zebby Matthews,31827,25,pitcher,Zebby Matthews (SP),SP,SP
